draw_date,n1,n2,n3,n4,n5,n6,jolly,superstar
2026-03-14,3,6,33,63,88,89,18,87
2026-03-13,3,11,13,20,53,61,88,43
2026-03-12,8,24,25,62,63,64,43,54
2026-03-10,8,34,42,47,55,83,4,42
2026-03-07,3,12,18,40,45,69,5,49
2026-03-06,4,17,22,37,50,88,20,2
2026-03-05,7,23,39,62,63,78,22,35
2026-03-03,4,16,42,48,56,68,26,83
2026-02-28,14,17,33,63,64,80,15,27
2026-02-27,10,14,49,55,71,79,80,36
2026-02-26,18,30,36,52,67,72,69,47
2026-02-24,4,18,23,26,45,87,82,29
2026-02-21,49,58,60,66,68,81,75,58
2026-02-20,30,34,41,42,49,83,64,77
2026-02-19,20,39,40,43,76,90,53,53
2026-02-17,16,21,42,45,52,88,58,21
2026-02-14,5,23,40,47,80,85,6,47
2026-02-13,1,52,57,71,76,83,37,3
2026-02-12,5,11,35,52,80,85,66,29
2026-02-10,1,15,29,39,63,83,73,21
2026-02-07,4,7,12,30,69,81,41,67
2026-02-06,6,8,17,31,36,75,90,82
2026-02-05,6,8,26,27,57,90,41,30
2026-02-03,11,16,17,41,42,46,70,57
2026-01-31,2,6,7,33,37,80,11,80
2026-01-30,32,33,39,40,52,86,63,16
2026-01-29,29,30,34,56,66,80,88,11
2026-01-27,11,19,27,31,54,84,38,37
2026-01-24,22,37,55,61,68,71,21,18
2026-01-23,2,6,11,19,88,90,69,52
2026-01-22,2,30,52,56,57,78,59,25
2026-01-20,8,13,25,60,72,74,78,34
2026-01-17,3,7,41,56,65,83,79,82
2026-01-16,14,21,24,52,80,86,57,14
2026-01-15,44,49,60,69,73,85,36,1
2026-01-13,20,29,56,68,72,74,35,50
2026-01-12,1,11,40,73,75,81,70,22
2026-01-10,11,19,24,66,82,88,58,48
2026-01-09,31,33,61,68,71,72,87,18
2026-01-08,35,42,45,53,55,88,66,52
2026-01-05,11,13,17,56,80,84,41,13
2026-01-03,16,30,32,43,68,76,36,58
2026-01-02,29,33,47,56,69,89,16,7
2025-12-30,6,9,17,20,60,67,1,73
2025-12-29,36,38,45,61,79,83,12,52
2025-12-27,8,19,20,41,74,84,45,74
2025-12-23,16,18,22,24,34,80,62,53
2025-12-22,2,14,28,36,78,85,17,11
2025-12-20,11,24,42,50,89,90,36,44
2025-12-19,16,52,60,75,81,88,40,49
2025-12-18,7,28,63,69,73,77,64,14
2025-12-16,2,18,24,35,41,84,44,20
2025-12-13,2,5,7,36,58,64,14,62
2025-12-12,7,21,35,38,64,80,29,87
2025-12-11,14,44,72,81,85,86,80,47
2025-12-09,8,31,51,65,78,79,26,77
2025-12-06,1,38,42,78,82,84,24,71
2025-12-05,10,19,29,30,56,71,76,13
2025-12-04,12,30,45,48,59,60,40,90
2025-12-02,5,17,28,59,70,90,27,66
2025-11-29,8,16,29,61,65,69,17,85
2025-11-28,1,12,20,21,42,58,84,34
2025-11-27,9,28,43,50,61,88,83,62
2025-11-25,18,20,21,23,40,43,52,10
2025-11-22,2,8,29,47,59,65,86,26
2025-11-21,12,14,18,53,84,86,72,35
2025-11-20,5,9,15,17,48,74,65,75
2025-11-18,18,40,54,83,85,89,4,57
2025-11-15,20,23,40,51,55,85,5,80
2025-11-14,26,38,43,46,72,73,45,45
2025-11-13,7,9,17,54,73,90,89,3
2025-11-11,3,37,42,59,63,84,49,64
2025-11-08,17,18,19,33,35,62,80,58
2025-11-07,5,24,32,67,82,88,43,89
2025-11-06,9,48,51,53,73,88,19,43
2025-11-04,5,18,28,38,44,76,23,89
2025-11-03,30,56,80,81,85,87,67,2
2025-10-31,8,30,32,61,67,85,22,9
2025-10-30,15,30,37,39,56,74,43,47
2025-10-28,8,25,40,54,58,63,50,63
2025-10-25,16,18,33,53,58,89,81,59
2025-10-24,5,12,23,31,84,90,68,77
2025-10-23,7,29,42,62,68,73,26,21
2025-10-21,4,9,14,33,36,77,66,15
2025-10-18,12,13,19,26,75,82,50,54
2025-10-17,2,9,10,32,66,77,72,44
2025-10-16,7,44,45,58,76,80,77,13
2025-10-14,9,31,44,59,70,86,37,81
2025-10-11,28,51,55,62,80,90,68,90
2025-10-10,20,38,42,61,81,82,16,80
2025-10-09,38,49,50,54,78,82,90,43
2025-10-07,17,21,40,56,61,79,87,85
2025-10-04,48,54,61,68,79,87,80,45
2025-10-03,2,4,69,75,79,88,12,7
2025-10-02,1,21,39,42,52,89,6,17
2025-09-30,5,8,71,74,77,81,34,70
2025-09-27,9,10,21,25,27,68,54,6
2025-09-26,2,17,23,39,58,82,75,6
2025-09-25,11,19,36,41,65,82,17,15
2025-09-23,1,6,20,43,59,73,58,89
2025-09-20,2,12,15,31,63,71,50,57
2025-09-19,11,16,23,31,49,78,63,13
2025-09-18,12,38,46,49,60,65,2,46
2025-09-16,1,12,26,44,51,90,72,45
2025-09-13,26,28,31,35,37,65,30,5
2025-09-12,29,33,44,52,63,65,19,84
2025-09-11,3,9,11,35,65,74,26,29
2025-09-09,34,47,71,73,82,90,49,52
2025-09-06,59,73,75,76,78,88,57,5
2025-09-05,9,39,47,52,71,82,83,52
2025-09-04,5,16,38,45,63,83,46,83
2025-09-02,16,19,28,44,60,78,9,73
2025-08-30,30,43,46,62,73,90,35,73
2025-08-29,18,22,32,34,52,56,62,45
2025-08-28,56,59,64,67,72,78,51,86
2025-08-26,12,23,25,34,41,63,21,20
2025-08-23,5,29,40,47,52,80,4,61
2025-08-22,7,25,38,39,66,69,17,24
2025-08-21,49,56,57,61,62,86,16,53
2025-08-19,5,10,51,62,77,81,74,58
2025-08-18,5,19,58,59,83,87,10,32
2025-08-16,6,15,25,31,72,79,54,31
2025-08-14,3,19,30,47,49,75,35,14
2025-08-12,7,11,26,59,82,83,24,54
2025-08-09,6,18,40,41,45,88,37,12
2025-08-08,8,34,38,53,78,79,58,37
2025-08-07,43,55,70,79,83,85,24,4
2025-08-05,6,31,57,60,65,80,12,71
2025-08-02,42,54,66,78,80,88,60,14
2025-08-01,9,25,27,36,54,86,45,31
2025-07-31,14,55,56,57,58,66,46,65
2025-07-29,13,27,31,60,65,75,39,69
2025-07-26,1,9,19,49,53,88,77,44
2025-07-25,15,16,17,36,62,83,7,31
2025-07-24,10,14,37,66,88,89,34,88
2025-07-22,3,8,44,52,69,85,11,67
2025-07-19,5,43,46,56,58,90,23,54
2025-07-18,20,37,50,70,75,88,46,16
2025-07-17,16,35,37,42,43,68,58,8
2025-07-15,4,10,14,48,58,83,47,63
2025-07-12,16,24,25,43,64,78,54,12
2025-07-11,1,31,40,62,64,74,81,11
2025-07-10,5,15,20,32,65,75,12,24
2025-07-08,1,33,40,61,64,73,15,48
2025-07-05,16,46,61,71,75,85,64,12
2025-07-04,26,45,58,65,70,82,27,73
2025-07-03,37,42,49,53,57,65,62,8
2025-07-01,6,9,25,28,75,79,83,20
2025-06-28,10,35,38,41,51,56,3,51
2025-06-27,25,49,54,55,62,73,4,86
2025-06-26,10,56,69,70,79,81,53,45
2025-06-24,2,23,32,36,63,64,37,76
2025-06-21,4,17,28,36,42,50,5,71
2025-06-20,34,67,76,77,86,90,40,43
2025-06-19,4,6,11,31,69,73,9,26
2025-06-17,17,48,52,58,86,87,74,49
2025-06-14,10,18,44,56,73,86,48,55
2025-06-13,8,23,25,48,78,83,80,39
2025-06-12,21,61,69,76,79,81,77,76
2025-06-10,14,45,55,62,76,80,51,17
2025-06-07,5,28,46,49,52,76,83,21
2025-06-06,2,10,33,55,73,74,80,49
2025-06-05,10,17,19,21,63,74,4,60
2025-06-03,1,6,31,37,47,71,26,72
2025-05-31,4,8,47,48,63,90,77,12
2025-05-30,31,34,62,63,82,87,81,77
2025-05-29,27,32,51,67,71,81,35,90
2025-05-27,7,10,35,40,53,75,60,33
2025-05-24,1,3,5,53,62,71,32,53
2025-05-23,2,8,10,18,20,79,13,10
2025-05-22,2,19,23,46,49,72,71,88
2025-05-20,5,19,21,30,33,48,74,39
2025-05-17,10,11,19,22,39,88,29,73
2025-05-16,15,21,30,31,42,80,69,42
2025-05-15,10,28,35,37,73,75,42,27
2025-05-13,2,15,25,62,76,81,89,5
2025-05-10,8,14,17,39,49,55,2,80
2025-05-09,3,47,51,77,85,88,52,39
2025-05-08,1,23,27,54,67,83,65,30
2025-05-06,2,35,51,58,63,88,8,51
2025-05-05,6,18,37,63,72,73,36,28
2025-05-03,1,4,22,44,70,72,18,53
2025-05-02,54,55,67,76,80,85,82,52
2025-04-29,20,31,39,59,60,82,57,10
2025-04-28,13,18,30,44,51,81,38,52
2025-04-26,10,21,24,48,63,67,34,45
2025-04-24,13,14,20,31,55,60,89,25
2025-04-22,10,59,61,62,68,74,43,31
2025-04-19,8,32,51,54,62,69,18,30
2025-04-18,4,11,18,23,83,88,89,70
2025-04-17,8,20,40,44,46,49,63,48
2025-04-15,40,57,60,66,80,81,36,9
2025-04-12,16,38,60,79,83,85,27,36
2025-04-11,9,20,43,49,52,57,61,8
2025-04-10,11,24,32,40,44,85,27,36
2025-04-08,11,20,34,46,48,90,68,81
2025-04-05,5,8,22,41,60,73,18,54
2025-04-04,42,51,71,77,80,82,72,5
2025-04-03,29,30,31,32,35,57,26,6
2025-04-01,4,19,32,47,74,81,10,90
2025-03-29,9,45,66,68,71,85,31,44
2025-03-28,17,26,46,56,71,90,6,22
2025-03-27,28,35,43,45,64,85,13,35
2025-03-25,27,29,31,60,74,88,71,23
2025-03-22,15,28,45,46,66,76,44,43
2025-03-21,7,15,48,49,65,80,67,39
2025-03-20,36,40,49,54,66,83,14,44
2025-03-18,1,64,73,79,80,86,39,68
2025-03-15,2,8,50,77,79,82,85,36
2025-03-14,3,10,20,36,37,49,21,14
2025-03-13,7,25,33,51,58,70,79,31
2025-03-11,22,27,48,55,58,90,63,11
2025-03-08,11,16,35,59,65,87,9,52
2025-03-07,11,24,25,30,43,47,28,5
2025-03-06,1,10,18,19,32,36,20,53
2025-03-04,9,28,52,63,77,79,11,39
2025-03-01,1,12,33,40,41,83,6,67
2025-02-28,4,12,37,59,63,90,70,15
2025-02-27,29,31,33,42,51,72,34,62
2025-02-25,6,58,68,83,89,90,73,50
2025-02-22,35,40,48,49,52,89,24,32
2025-02-21,21,45,48,72,79,87,73,89
2025-02-20,6,19,27,63,71,77,13,70
2025-02-18,3,5,7,54,76,85,89,64
2025-02-15,22,37,48,72,77,85,39,72
2025-02-14,18,30,40,52,60,71,65,70
2025-02-13,31,41,62,64,74,87,84,68
2025-02-11,9,39,55,75,79,86,2,56
2025-02-08,29,46,57,66,72,86,64,40
2025-02-07,16,29,30,47,52,84,10,17
2025-02-06,4,11,41,72,83,86,30,30
2025-02-04,10,29,41,77,83,85,56,80
2025-02-01,21,25,26,45,49,59,68,82
2025-01-31,7,18,22,25,30,72,76,51
2025-01-30,23,32,34,35,41,47,65,2
2025-01-28,48,63,65,72,77,82,85,47
2025-01-25,5,6,24,44,45,76,58,64
2025-01-24,14,20,46,62,84,85,1,78
2025-01-23,1,7,34,46,69,80,64,42
2025-01-21,3,18,41,58,62,73,64,20
2025-01-18,2,10,21,29,46,70,31,59
2025-01-17,8,12,15,40,66,89,7,15
2025-01-16,31,38,59,69,72,88,64,73
2025-01-14,4,15,17,40,64,75,23,80
2025-01-11,5,6,11,22,35,85,30,53
2025-01-10,19,25,33,49,57,72,46,38
2025-01-09,15,33,40,71,74,82,89,15
2025-01-07,7,10,11,29,32,87,34,51
2025-01-04,31,42,43,63,83,86,37,86
2025-01-03,13,30,43,49,74,89,4,32
2025-01-02,19,21,29,74,77,88,7,56
2024-12-31,5,16,23,40,47,80,17,13
2024-12-30,3,8,18,25,58,75,12,54
2024-12-28,28,29,46,68,81,88,79,40
2024-12-27,9,13,15,43,53,68,58,69
2024-12-24,6,18,27,30,52,56,83,80
2024-12-21,23,25,53,55,71,79,63,6
2024-12-20,17,35,43,56,63,85,23,74
2024-12-19,2,4,8,20,22,76,72,60
2024-12-17,3,25,49,58,64,66,46,77
2024-12-14,34,50,52,59,70,83,13,74
2024-12-13,16,42,54,55,65,83,27,90
2024-12-12,20,61,76,78,85,87,44,72
2024-12-10,5,54,68,69,71,81,30,56
2024-12-07,21,30,55,60,70,75,13,25
2024-12-06,21,48,60,61,67,71,86,22
2024-12-05,4,42,45,72,82,84,25,10
2024-12-03,4,17,37,56,73,90,46,11
2024-11-30,27,48,50,69,74,81,13,36
2024-11-29,21,33,44,55,75,80,53,64
2024-11-28,3,8,37,54,74,84,26,26
2024-11-26,13,23,26,31,46,89,43,24
2024-11-23,15,22,29,32,35,67,87,23
2024-11-22,6,26,51,53,78,89,79,70
2024-11-21,4,7,20,24,41,67,85,35
2024-11-19,20,34,36,68,72,74,44,49
2024-11-16,52,56,66,68,70,73,90,12
2024-11-15,2,4,5,42,53,83,23,43
2024-11-14,36,46,69,70,73,82,26,84
2024-11-12,13,28,29,32,39,81,82,36
2024-11-09,26,36,43,51,63,89,21,57
2024-11-08,13,22,49,58,64,75,20,16
2024-11-07,1,50,68,75,81,84,8,25
2024-11-05,32,43,53,75,77,88,81,79
2024-11-04,27,32,33,44,60,89,52,5
2024-11-02,3,19,27,43,61,77,80,41
2024-10-31,18,40,55,58,71,85,46,46
2024-10-29,6,17,26,35,57,64,14,23
2024-10-26,14,31,40,42,52,65,15,69
2024-10-25,5,11,39,41,62,80,78,33
2024-10-24,7,21,23,28,29,31,20,66
2024-10-22,13,23,37,43,64,79,84,20
2024-10-19,14,67,73,86,89,90,8,77
2024-10-18,19,39,41,42,45,88,40,27
2024-10-17,2,23,24,42,46,88,61,27
2024-10-15,1,23,44,45,47,60,14,19
2024-10-12,11,13,16,22,42,51,37,47
2024-10-11,31,34,49,66,75,88,1,16
2024-10-10,6,48,64,80,87,89,43,82
2024-10-08,6,21,25,59,63,68,8,70
2024-10-05,13,41,47,58,81,84,4,81
2024-10-04,5,43,57,58,72,87,3,72
2024-10-03,26,27,40,51,67,86,4,82
2024-10-01,57,60,68,70,80,83,25,64
2024-09-28,4,8,28,33,34,57,27,88
2024-09-27,4,14,42,46,53,60,31,85
2024-09-26,2,13,14,41,52,79,84,12
2024-09-24,2,25,27,50,88,90,19,86
2024-09-21,8,33,35,39,78,83,52,72
2024-09-20,14,22,42,44,47,79,85,29
2024-09-19,3,13,44,45,56,61,33,34
2024-09-17,17,28,62,64,74,84,88,90
2024-09-14,1,31,55,65,76,88,52,34
2024-09-13,2,12,16,18,59,61,56,4
2024-09-12,29,35,65,67,70,80,10,79
2024-09-10,9,11,27,53,63,78,8,88
2024-09-07,1,16,64,70,72,82,34,86
2024-09-06,2,26,37,38,69,85,66,10
2024-09-05,4,5,29,32,69,89,15,46
2024-09-03,6,38,55,71,80,85,23,24
2024-08-31,1,20,27,41,60,77,7,43
2024-08-30,7,34,47,52,74,86,78,7
2024-08-29,5,23,46,52,60,80,79,54
2024-08-27,12,23,36,42,50,71,80,40
2024-08-24,17,28,63,72,75,81,79,51
2024-08-23,5,7,59,70,72,73,33,4
2024-08-22,17,18,24,34,57,82,68,21
2024-08-20,17,23,45,57,64,89,15,31
2024-08-19,4,7,15,24,36,78,65,85
2024-08-17,6,22,43,60,66,73,31,31
2024-08-16,1,6,13,20,73,85,11,73
2024-08-13,41,43,55,65,80,85,76,74
2024-08-10,13,14,49,55,71,77,62,32
2024-08-09,23,40,60,79,80,87,50,69
2024-08-08,3,16,17,54,61,90,4,21
2024-08-06,4,11,85,86,87,88,38,2
2024-08-03,6,37,69,73,79,88,4,7
2024-08-02,34,42,69,76,81,85,36,49
2024-08-01,33,39,78,79,83,84,60,88
2024-07-30,11,13,22,34,54,77,35,72
2024-07-27,13,14,25,34,59,84,71,17
2024-07-26,1,14,21,35,64,85,70,5
2024-07-25,2,21,23,56,69,87,52,42
2024-07-23,24,59,63,64,82,90,62,24
2024-07-20,45,48,50,57,70,71,80,52
2024-07-19,13,20,39,48,74,89,47,50
2024-07-18,13,23,35,36,57,64,47,5
2024-07-16,3,18,26,54,61,72,85,30
2024-07-13,6,9,54,63,64,68,43,84
2024-07-12,43,54,60,70,75,89,30,20
2024-07-11,10,31,40,59,80,85,13,48
2024-07-09,8,26,32,34,53,58,25,78
2024-07-06,18,24,26,33,34,47,35,30
2024-07-05,10,21,23,26,35,50,87,76
2024-07-04,15,25,42,53,56,73,60,61
2024-07-02,4,7,39,71,79,89,1,11
2024-06-29,11,18,25,26,54,84,17,69
2024-06-28,21,26,33,34,45,86,28,80
2024-06-27,13,28,63,76,80,85,21,54
2024-06-25,3,18,49,63,68,82,78,51
2024-06-22,3,25,57,69,71,87,48,62
2024-06-21,21,23,28,59,79,82,74,81
2024-06-20,19,31,39,60,72,80,5,49
2024-06-18,20,32,49,50,51,58,44,59
2024-06-15,6,16,22,69,73,78,67,38
2024-06-14,15,60,82,85,86,87,45,42
2024-06-13,5,22,47,54,63,84,85,82
2024-06-11,14,27,34,47,73,88,52,52
2024-06-08,6,8,14,15,59,79,66,2
2024-06-07,39,51,52,58,72,84,11,37
2024-06-06,43,44,45,50,67,76,69,9
2024-06-04,4,18,28,41,61,75,17,72
2024-06-01,4,13,47,75,80,82,83,22
2024-05-31,14,20,24,49,83,84,62,45
2024-05-30,10,14,16,40,50,55,4,31
2024-05-28,19,41,67,76,82,85,23,10
2024-05-25,2,10,28,37,56,75,41,58
2024-05-24,2,36,39,50,59,64,19,3
2024-05-23,4,10,19,50,71,83,27,11
2024-05-21,3,28,49,72,83,84,5,17
2024-05-18,2,20,31,48,58,59,46,30
2024-05-17,13,14,41,53,60,65,5,45
2024-05-16,10,11,27,31,66,83,25,57
2024-05-14,11,27,39,43,61,85,52,43
2024-05-11,21,29,34,36,46,51,41,60
2024-05-10,6,20,40,55,71,80,12,75
2024-05-09,23,36,38,62,75,81,82,62
2024-05-07,21,23,30,45,68,85,53,89
2024-05-04,5,18,22,34,52,66,33,46
2024-05-03,17,23,43,48,52,66,88,3
2024-05-02,14,43,54,69,80,90,1,57
2024-04-30,6,7,11,20,33,81,74,8
2024-04-29,17,27,44,50,66,85,3,32
2024-04-27,24,27,41,54,62,63,37,37
2024-04-26,9,13,51,61,81,83,24,59
2024-04-23,8,12,20,24,45,73,4,3
2024-04-20,26,34,40,53,60,68,82,19
2024-04-19,9,18,65,70,75,87,53,81
2024-04-18,15,27,42,53,65,85,88,49
2024-04-16,1,3,11,53,75,81,61,26
2024-04-13,1,6,7,11,79,88,15,26
2024-04-12,10,23,47,49,84,85,5,24
2024-04-11,8,31,67,77,81,86,10,62
2024-04-09,15,23,31,45,51,58,60,64
2024-04-06,14,33,53,54,64,78,39,85
2024-04-05,23,40,42,60,62,63,26,80
2024-04-04,8,33,36,41,51,68,71,8
2024-04-02,28,39,40,44,72,76,52,52
2024-03-30,8,25,28,45,54,66,89,28
2024-03-29,20,30,32,38,61,67,60,6
2024-03-28,5,9,22,69,74,84,80,83
2024-03-26,2,24,43,74,81,85,63,40
2024-03-23,32,34,57,58,67,79,61,66
2024-03-22,13,16,59,66,77,79,82,75
2024-03-21,2,8,17,73,77,84,4,84
2024-03-19,4,19,58,60,67,82,48,29
2024-03-16,12,38,45,66,70,73,58,85
2024-03-15,5,6,7,50,72,74,82,26
2024-03-14,14,23,51,55,68,76,77,86
2024-03-12,7,25,46,67,69,86,23,77
2024-03-09,10,30,36,49,55,62,32,66
2024-03-08,9,16,23,50,53,79,55,84
2024-03-07,3,13,24,60,70,75,71,30
2024-03-05,16,43,53,79,80,82,74,61
2024-03-02,26,50,51,55,85,87,14,19
2024-03-01,5,16,44,61,80,90,25,16
2024-02-29,13,28,36,41,79,88,30,32
2024-02-27,27,33,41,73,79,90,34,39
2024-02-24,41,43,46,47,63,87,30,44
2024-02-23,38,54,57,66,74,88,75,57
2024-02-22,29,30,43,44,75,87,1,85
2024-02-20,5,30,36,43,48,78,79,51
2024-02-17,3,11,25,34,46,64,53,75
2024-02-16,20,30,37,83,88,89,77,66
2024-02-15,34,38,61,71,74,83,80,79
2024-02-13,27,34,37,42,53,76,60,55
2024-02-10,43,62,72,73,85,86,58,17
2024-02-09,6,22,29,42,48,66,56,81
2024-02-08,2,4,24,62,73,75,1,49
2024-02-06,26,34,39,46,54,89,13,11
2024-02-03,6,10,12,34,66,77,19,58
2024-02-02,2,35,38,44,68,83,50,73
2024-02-01,3,44,74,81,87,89,85,66
2024-01-30,5,10,76,82,83,89,25,49
2024-01-27,17,33,38,43,49,80,69,30
2024-01-26,24,32,36,47,50,78,62,72
2024-01-25,27,29,30,53,54,86,34,57
2024-01-23,11,15,16,42,48,52,1,16
2024-01-20,2,19,56,58,63,71,22,14
2024-01-19,21,22,28,50,55,68,38,35
2024-01-18,14,26,36,60,62,84,73,68
2024-01-16,21,39,51,59,68,86,63,48
2024-01-13,4,43,45,55,56,60,5,55
2024-01-12,11,23,25,72,78,84,20,40
2024-01-11,45,56,59,69,73,77,7,81
2024-01-09,10,19,23,39,40,83,73,13
2024-01-08,20,28,42,48,51,62,72,47
2024-01-04,7,9,29,51,60,70,59,41
2024-01-02,2,9,16,35,46,63,49,5
2023-12-30,23,43,45,53,66,69,4,59
2023-12-29,13,46,47,67,68,90,55,40
2023-12-28,15,36,57,58,79,86,35,47
2023-12-23,8,10,49,57,79,81,36,65
2023-12-22,1,8,46,57,73,79,67,32
2023-12-21,19,32,38,62,77,79,90,83
2023-12-19,20,26,30,33,54,83,89,64
2023-12-18,3,4,14,15,65,85,33,43
2023-12-16,13,22,23,42,47,87,67,69
2023-12-15,52,63,67,71,83,89,23,46
2023-12-14,22,28,37,39,53,86,78,70
2023-12-12,4,27,47,57,59,89,7,4
2023-12-11,1,41,46,50,84,89,37,19
2023-12-09,3,20,27,41,59,82,24,31
2023-12-07,5,19,42,44,68,84,72,38
2023-12-05,4,6,16,39,41,44,23,78
2023-12-02,19,24,29,53,74,83,70,40
2023-12-01,11,22,33,44,65,66,87,17
2023-11-30,27,38,41,81,84,86,49,69
2023-11-28,6,14,49,52,67,68,80,25
2023-11-25,11,27,28,55,58,73,49,12
2023-11-24,4,13,28,30,47,59,61,56
2023-11-23,1,37,61,68,71,83,52,25
2023-11-21,30,59,61,86,88,90,43,77
2023-11-18,5,51,52,60,62,80,22,23
2023-11-17,14,23,63,70,75,89,59,83
2023-11-16,9,10,19,40,52,56,50,42
2023-11-14,35,38,39,51,74,80,4,20
2023-11-11,16,22,23,25,62,82,5,11
2023-11-10,7,45,58,62,69,76,66,37
2023-11-09,14,68,70,84,85,87,45,16
2023-11-07,10,30,36,64,69,76,68,88
2023-11-04,16,52,59,63,84,90,32,55
2023-11-03,52,64,68,76,84,87,14,6
2023-11-02,17,29,40,56,60,80,33,2
2023-10-31,3,42,54,69,73,80,68,29
2023-10-28,4,9,25,30,57,66,79,77
2023-10-27,23,40,49,57,68,69,56,56
2023-10-26,11,19,28,34,38,45,1,31
2023-10-24,8,18,41,54,75,79,42,8
2023-10-21,23,35,37,58,61,73,50,13
2023-10-20,14,21,24,49,71,81,5,17
2023-10-19,10,18,45,55,66,70,75,53
2023-10-17,16,28,39,40,63,85,12,33
2023-10-14,4,6,52,79,81,83,45,53
2023-10-13,24,29,40,55,56,77,49,79
2023-10-12,5,7,10,14,20,36,54,11
2023-10-10,1,39,45,49,87,88,30,41
2023-10-07,12,35,37,42,55,58,63,13
2023-10-06,33,36,48,62,82,90,8,61
2023-10-05,20,22,39,65,69,71,38,53
2023-10-03,12,13,20,54,67,84,66,77
2023-09-30,17,25,64,66,74,76,49,78
2023-09-29,6,35,48,53,81,86,47,71
2023-09-28,9,25,40,58,85,86,11,34
2023-09-26,41,43,45,60,66,78,30,75
2023-09-23,22,27,38,51,80,82,24,31
2023-09-22,3,58,67,69,70,84,5,11
2023-09-21,4,21,29,31,45,59,42,2
2023-09-19,9,11,41,52,86,89,36,9
2023-09-16,23,27,53,55,74,86,79,65
2023-09-15,5,12,42,51,55,80,35,60
2023-09-14,23,29,41,55,76,79,11,5
2023-09-12,26,28,41,47,81,84,70,70
2023-09-09,6,17,28,43,46,76,61,84
2023-09-08,13,30,42,58,80,86,33,72
2023-09-07,2,15,34,40,57,89,88,73
2023-09-05,14,19,20,26,33,65,15,36
2023-09-02,7,14,15,49,86,90,82,19
2023-09-01,18,53,57,67,75,80,77,39
2023-08-31,9,15,61,66,72,73,2,79
2023-08-29,52,53,56,69,82,90,6,50
2023-08-26,8,11,23,59,73,75,14,11
2023-08-25,4,12,41,57,77,78,40,3
2023-08-24,3,34,54,67,71,77,2,49
2023-08-22,32,45,47,61,67,75,6,83
2023-08-19,5,6,18,23,49,61,22,82
2023-08-18,5,13,41,58,70,73,1,28
2023-08-17,10,12,14,53,63,71,41,41
2023-08-14,6,28,46,64,77,82,20,15
2023-08-12,2,40,48,78,81,90,55,14
2023-08-11,31,45,46,52,69,83,76,34
2023-08-10,9,21,43,49,53,86,68,62
2023-08-08,3,4,5,71,81,82,64,10
2023-08-05,7,9,17,18,47,81,61,20
2023-08-04,5,21,57,71,72,84,66,11
2023-08-03,4,6,9,33,65,73,48,12
2023-08-01,11,32,36,40,54,63,78,57
2023-07-29,27,39,58,60,68,85,45,82
2023-07-28,1,23,33,50,55,78,45,82
2023-07-27,18,39,48,50,57,83,38,55
2023-07-25,6,30,48,69,71,74,62,22
2023-07-22,2,37,50,65,68,90,67,60
2023-07-21,13,38,52,56,73,90,7,24
2023-07-20,14,41,47,62,65,88,39,37
2023-07-18,22,45,49,52,60,65,23,26
2023-07-15,40,45,51,52,56,78,30,5
2023-07-14,38,41,43,55,61,71,59,75
2023-07-13,20,38,49,50,53,64,72,62
2023-07-11,39,41,58,64,71,77,9,74
2023-07-08,8,18,20,28,41,56,58,55
2023-07-07,1,13,23,73,83,85,79,3
2023-07-06,5,17,27,38,53,57,30,16
2023-07-04,11,23,50,68,89,90,41,32
2023-07-01,17,39,41,43,87,89,33,44
2023-06-29,1,27,38,41,79,81,39,29
2023-06-27,31,46,57,70,71,80,75,8
2023-06-24,1,21,32,35,59,86,38,6
2023-06-22,21,30,38,65,67,90,77,7
2023-06-20,7,42,56,69,74,76,45,4
2023-06-17,12,18,26,40,53,63,54,58
2023-06-15,4,9,21,24,52,71,8,58
2023-06-13,6,37,53,54,72,84,74,84
2023-06-10,8,30,33,40,64,78,42,59
2023-06-08,3,8,58,66,82,87,69,55
2023-06-06,17,26,51,54,61,62,73,8
2023-06-03,27,39,56,58,63,64,55,38
2023-06-01,2,37,64,83,89,90,34,23
2023-05-30,10,22,37,55,76,87,60,43
2023-05-27,12,41,64,78,79,88,58,86
2023-05-25,20,22,33,38,40,51,44,76
2023-05-23,13,23,26,27,50,63,71,1
2023-05-20,18,32,37,46,64,70,30,44
2023-05-18,5,16,35,63,69,77,29,3
2023-05-16,20,42,52,67,72,77,82,3
2023-05-13,3,31,35,57,82,84,68,16
2023-05-11,1,6,35,48,62,65,43,83
2023-05-09,18,25,41,44,60,78,36,72
2023-05-06,10,25,40,46,47,74,7,31
2023-05-04,6,9,23,57,62,72,16,22
2023-05-02,17,43,60,71,86,88,16,49
2023-04-29,21,43,55,56,73,89,13,2
2023-04-27,7,10,62,63,77,86,5,44
2023-04-24,3,7,46,69,75,82,81,28
2023-04-22,6,18,22,25,26,47,60,61
2023-04-20,4,5,7,21,45,52,77,37
2023-04-18,5,36,62,64,66,67,53,2
2023-04-15,7,22,36,52,79,86,38,51
2023-04-13,2,11,42,73,76,90,55,35
2023-04-11,9,40,55,60,69,70,34,70
2023-04-08,17,25,32,38,43,48,67,73
2023-04-06,4,28,30,42,45,50,27,55
2023-04-04,17,20,54,62,69,88,39,36
2023-04-01,5,22,36,47,73,75,51,78
2023-03-30,21,29,30,43,46,63,77,54
2023-03-28,42,52,62,64,76,79,55,56
2023-03-25,4,15,26,27,72,82,89,12
2023-03-23,6,8,41,42,66,80,79,11
2023-03-21,10,15,16,30,36,71,59,63
2023-03-18,35,37,43,47,69,73,16,47
2023-03-16,25,28,36,45,48,86,50,51
2023-03-14,8,20,25,64,87,88,75,34
2023-03-11,23,42,46,54,58,79,40,69
2023-03-09,1,19,30,41,42,77,61,32
2023-03-07,2,38,49,64,81,89,43,10
2023-03-04,4,22,24,29,49,58,69,8
2023-03-02,9,24,28,37,44,81,51,72
2023-02-28,7,16,47,49,50,73,45,41
2023-02-25,6,42,52,72,85,89,56,28
2023-02-23,6,29,34,52,58,68,59,12
2023-02-21,7,31,44,63,80,83,87,77
2023-02-18,22,46,52,57,65,72,31,2
2023-02-16,1,38,47,52,56,66,72,23
2023-02-14,19,22,67,71,79,85,23,13
2023-02-11,4,24,25,28,31,68,79,65
2023-02-09,3,10,25,44,57,90,53,68
2023-02-07,24,54,58,65,81,89,63,20
2023-02-04,3,42,46,49,68,81,4,81
2023-02-02,3,14,19,28,70,80,83,7
2023-01-31,13,15,23,39,41,46,30,42
2023-01-28,19,23,53,58,61,82,73,52
2023-01-26,6,25,34,60,79,86,48,81
2023-01-24,3,7,20,55,75,80,88,44
2023-01-21,22,61,66,72,80,82,67,79
2023-01-19,29,47,57,59,67,87,6,48
2023-01-17,9,10,14,40,60,68,21,9
2023-01-14,37,44,52,58,74,78,65,67
2023-01-12,9,10,22,41,44,85,5,51
2023-01-10,21,24,31,32,56,83,78,40
2023-01-07,17,41,54,60,67,86,51,12
2023-01-05,5,9,13,15,50,64,68,43
2023-01-03,8,10,30,34,51,71,20,27
2022-12-31,9,15,30,37,44,72,75,21
2022-12-29,2,19,34,37,46,58,62,69
2022-12-27,3,37,39,44,68,72,11,21
2022-12-24,9,23,29,69,72,81,8,79
2022-12-22,9,25,34,39,54,64,87,22
2022-12-20,7,12,23,73,81,87,35,8
2022-12-17,8,21,24,54,68,70,12,76
2022-12-15,3,4,30,32,39,65,43,66
2022-12-13,32,40,51,61,75,76,72,21
2022-12-12,16,33,51,54,68,86,42,82
2022-12-10,29,50,55,56,76,81,9,47
2022-12-06,12,21,31,39,70,83,16,59
2022-12-03,4,37,38,53,73,79,29,90
2022-12-01,4,13,32,54,56,68,67,25
2022-11-29,18,33,43,60,61,78,20,52
2022-11-26,3,8,42,48,61,72,56,34
2022-11-24,25,58,66,78,81,88,76,3
2022-11-22,14,22,23,35,41,64,17,14
2022-11-19,19,30,44,48,58,72,40,33
2022-11-17,3,6,39,48,52,88,9,6
2022-11-15,13,21,23,33,48,86,28,1
2022-11-12,19,32,51,61,71,82,48,35
2022-11-10,10,16,18,34,39,45,87,3
2022-11-08,15,31,33,44,46,73,79,3
2022-11-05,11,18,41,50,63,74,81,21
2022-11-03,10,15,37,40,43,59,5,67
2022-10-31,12,17,32,64,81,84,11,5
2022-10-29,15,32,66,74,79,86,84,54
2022-10-27,27,28,32,40,49,72,53,70
2022-10-25,1,19,41,48,68,71,25,45
2022-10-22,3,28,31,43,53,59,7,22
2022-10-20,6,8,39,65,67,69,32,7
2022-10-18,4,5,31,56,57,59,51,75
2022-10-15,12,26,34,69,74,83,66,68
2022-10-13,4,20,64,65,69,79,81,20
2022-10-11,1,33,35,39,46,58,15,48
2022-10-08,26,33,41,51,80,84,15,44
2022-10-06,10,20,28,62,70,87,59,26
2022-10-04,4,9,55,68,80,84,38,55
2022-10-01,3,11,14,26,67,82,75,59
2022-09-29,6,35,37,46,59,86,84,38
2022-09-27,5,22,42,49,62,63,80,36
2022-09-24,19,26,35,44,49,65,24,32
2022-09-22,15,30,42,65,75,81,72,85
2022-09-20,1,38,39,40,50,83,44,9
2022-09-17,1,10,14,18,42,60,39,35
2022-09-15,27,34,42,59,72,76,25,35
2022-09-13,5,9,16,20,23,69,31,46
2022-09-10,62,66,68,70,75,83,30,64
2022-09-08,18,26,39,50,71,90,41,35
2022-09-06,11,13,19,34,49,52,37,27
2022-09-03,22,25,30,37,44,76,1,74
2022-09-01,2,5,13,19,54,89,40,50
2022-08-30,6,11,23,45,57,75,44,45
2022-08-27,3,5,15,39,45,80,10,83
2022-08-25,33,41,42,84,86,88,38,79
2022-08-23,7,44,47,51,52,85,89,72
2022-08-20,19,28,31,58,77,85,73,88
2022-08-18,5,25,42,51,71,84,38,9
2022-08-16,13,19,59,74,81,84,2,51
2022-08-13,8,49,62,65,83,88,45,64
2022-08-11,6,32,34,56,58,87,23,88
2022-08-09,15,25,26,29,38,39,82,41
2022-08-06,1,21,29,40,42,58,25,70
2022-08-04,20,23,45,66,83,87,16,61
2022-08-02,9,25,26,49,68,74,81,59
2022-07-30,7,25,28,62,80,87,54,49
2022-07-28,19,20,22,54,72,88,50,56
2022-07-26,8,31,34,44,56,77,36,9
2022-07-23,29,32,46,56,66,90,21,89
2022-07-21,7,14,24,43,44,90,66,19
2022-07-19,2,17,27,44,78,79,59,1
2022-07-16,28,29,38,43,62,71,75,49
2022-07-14,3,11,28,39,65,75,48,51
2022-07-12,11,56,63,66,68,72,58,68
2022-07-09,28,31,41,51,70,83,80,24
2022-07-07,17,24,25,35,66,73,54,1
2022-07-05,16,17,49,66,82,86,1,67
2022-07-02,1,5,25,34,38,66,51,21
2022-06-30,6,9,12,16,32,79,26,40
2022-06-28,19,32,36,55,71,81,48,64
2022-06-25,4,30,42,46,58,89,29,88
2022-06-23,34,37,52,55,56,66,79,16
2022-06-21,12,16,32,46,60,83,54,52
2022-06-18,2,12,16,27,74,78,58,65
2022-06-16,31,54,56,60,66,82,29,13
2022-06-14,7,34,48,50,53,67,52,52
2022-06-11,5,8,18,28,33,59,9,83
2022-06-09,4,12,20,32,56,88,25,78
2022-06-07,21,31,49,69,77,90,40,22
2022-06-06,8,22,31,53,59,86,75,74
2022-06-04,2,35,41,43,65,71,12,50
2022-05-31,21,34,35,48,63,82,17,14
2022-05-28,27,42,55,65,84,90,53,64
2022-05-26,10,14,17,32,45,87,18,70
2022-05-24,22,24,25,32,46,73,29,62
2022-05-21,2,20,25,67,78,80,71,28
2022-05-19,2,9,13,39,40,89,6,43
2022-05-17,26,29,32,48,65,79,53,61
2022-05-14,13,19,39,42,73,83,60,11
2022-05-12,21,26,28,54,80,85,4,37
2022-05-10,25,37,47,55,73,81,67,5
2022-05-07,29,41,43,46,51,81,48,39
2022-05-05,25,31,37,38,77,82,43,8
2022-05-03,13,24,44,47,66,80,46,81
2022-04-30,22,25,34,52,72,85,14,71
2022-04-28,24,61,65,67,71,90,14,74
2022-04-26,20,44,62,64,67,78,79,40
2022-04-23,6,18,23,33,57,71,65,32
2022-04-21,17,32,46,49,77,88,48,19
2022-04-19,32,41,63,71,76,89,1,24
2022-04-16,7,21,25,69,76,77,70,74
2022-04-14,5,8,22,38,50,55,12,89
2022-04-12,15,27,32,51,74,77,44,22
2022-04-09,2,22,27,42,52,89,36,19
2022-04-07,11,20,42,43,51,86,71,87
2022-04-05,5,21,48,63,83,86,30,70
2022-04-02,24,35,45,54,65,68,7,9
2022-03-31,15,43,51,59,64,74,11,39
2022-03-29,9,32,48,55,68,72,36,68
2022-03-26,22,38,74,81,84,89,72,45
2022-03-24,15,35,37,48,62,77,28,50
2022-03-22,27,30,49,68,74,88,64,11
2022-03-19,20,41,61,67,73,83,4,83
2022-03-17,14,52,53,54,55,86,34,29
2022-03-15,8,22,53,65,75,86,55,44
2022-03-12,24,32,41,56,76,80,10,11
2022-03-10,18,34,39,47,52,66,22,69
2022-03-08,3,15,16,21,31,80,24,70
2022-03-05,3,9,58,66,68,80,35,77
2022-03-03,31,33,40,43,47,80,2,21
2022-03-01,15,44,60,79,81,83,64,64
2022-02-26,6,24,38,52,84,87,4,81
2022-02-24,16,28,38,52,69,73,17,47
2022-02-22,9,15,29,59,64,74,22,16
2022-02-19,9,13,15,65,74,81,66,24
2022-02-17,36,48,67,77,85,87,38,74
2022-02-15,1,9,44,49,60,74,70,38
2022-02-12,14,22,27,47,68,77,44,45
2022-02-10,25,35,51,52,58,59,82,71
2022-02-08,36,38,57,62,64,81,68,28
2022-02-05,30,39,48,55,76,81,82,11
2022-02-03,21,26,28,35,65,77,46,60
2022-02-01,5,10,29,31,47,58,34,44
2022-01-29,1,23,63,79,82,89,68,52
2022-01-27,30,53,63,74,83,88,44,27
2022-01-25,4,13,16,21,23,50,63,79
2022-01-22,5,13,27,37,50,59,76,47
2022-01-20,32,33,37,53,77,79,76,61
2022-01-18,33,34,43,46,49,66,87,78
2022-01-15,6,19,48,51,73,89,32,40
2022-01-13,10,34,56,66,78,87,52,29
2022-01-11,15,22,24,33,38,71,47,45
2022-01-10,3,25,30,58,66,84,72,55
2022-01-08,35,42,49,63,68,78,1,33
2022-01-04,5,18,59,78,81,89,10,9
2022-01-03,9,47,50,67,73,74,85,49
2021-12-30,10,20,40,55,68,86,26,76
2021-12-28,13,19,47,70,77,83,31,59
2021-12-27,6,10,11,41,61,80,76,47
2021-12-23,11,15,17,37,54,89,8,38
2021-12-21,30,49,61,62,79,87,63,48
2021-12-18,6,31,44,57,73,77,61,80
2021-12-16,12,35,37,41,75,76,16,13
2021-12-14,35,59,64,65,68,73,50,49
2021-12-11,7,17,45,64,76,81,42,72
2021-12-09,10,48,70,75,79,83,82,77
2021-12-07,9,12,23,38,59,88,76,18
2021-12-04,37,43,68,72,76,85,27,11
2021-12-02,15,24,48,60,70,89,34,17
2021-11-30,11,34,44,64,75,82,48,5
2021-11-27,24,30,38,47,48,78,8,57
2021-11-25,6,45,61,82,84,88,16,36
2021-11-23,6,17,23,24,43,72,81,30
2021-11-20,7,48,58,60,86,87,55,22
2021-11-18,22,24,38,42,44,87,67,13
2021-11-16,7,17,19,38,66,71,90,35
2021-11-13,13,40,60,66,73,75,23,49
2021-11-11,4,23,52,65,79,88,37,53
2021-11-09,3,6,14,17,54,60,83,78
2021-11-06,6,21,56,63,81,85,51,61
2021-11-04,22,25,38,41,61,68,24,3
2021-11-02,22,27,51,55,77,86,33,42
2021-10-30,20,31,41,43,48,79,26,46
2021-10-28,2,25,34,67,73,77,36,11
2021-10-26,20,24,25,49,57,68,16,53
2021-10-23,1,11,12,15,20,83,46,80
2021-10-21,9,10,26,27,77,86,16,23
2021-10-19,21,28,38,42,66,88,60,6
2021-10-16,32,41,50,57,67,89,13,90
2021-10-14,8,14,25,59,60,88,27,31
2021-10-12,46,53,55,60,64,90,77,72
2021-10-09,7,9,70,72,77,86,53,20
2021-10-07,15,18,22,26,66,77,67,78
2021-10-05,21,40,62,66,73,85,58,67
2021-10-02,9,19,40,62,67,71,52,58
2021-09-30,7,32,33,36,45,47,43,19
2021-09-28,14,18,19,33,34,80,48,19
2021-09-25,11,19,61,62,75,76,43,24
2021-09-23,8,21,38,42,49,51,2,58
2021-09-21,5,6,29,59,68,74,54,53
2021-09-18,22,56,60,73,76,80,81,4
2021-09-16,12,16,40,46,47,83,57,16
2021-09-14,3,14,42,52,69,81,63,3
2021-09-11,1,30,36,49,75,85,33,73
2021-09-09,6,58,64,73,76,86,59,45
2021-09-07,7,20,21,31,67,89,63,89
2021-09-04,7,60,68,71,79,80,53,68
2021-09-02,5,15,39,72,76,80,12,6
2021-08-31,3,5,10,44,76,77,19,71
2021-08-28,44,54,56,63,76,77,61,75
2021-08-26,17,21,32,40,55,76,89,4
2021-08-24,12,27,43,48,63,66,18,22
2021-08-21,8,19,35,59,86,90,33,53
2021-08-19,3,4,31,80,81,87,53,53
2021-08-17,2,3,10,38,64,70,69,39
2021-08-14,53,64,72,74,87,89,39,4
2021-08-12,17,55,59,61,62,90,21,72
2021-08-10,14,16,47,49,53,56,22,59
2021-08-07,1,7,34,37,45,49,57,57
2021-08-05,28,37,41,44,52,84,86,12
2021-08-03,14,55,65,68,78,88,36,82
2021-07-31,14,22,36,47,59,61,35,56
2021-07-29,3,14,21,31,84,89,45,68
2021-07-27,1,6,24,36,82,83,58,78
2021-07-24,21,25,40,50,71,87,22,18
2021-07-22,1,6,10,61,63,64,15,37
2021-07-20,28,34,49,65,79,90,1,80
2021-07-17,6,37,64,71,85,87,16,23
2021-07-15,2,25,37,54,57,87,80,77
2021-07-13,58,68,70,74,76,89,3,74
2021-07-10,8,13,16,27,32,62,4,31
2021-07-08,21,24,25,61,73,74,58,24
2021-07-06,11,15,20,40,69,73,65,48
2021-07-03,42,45,52,65,70,85,67,61
2021-07-01,8,11,44,86,88,89,31,8
2021-06-29,10,30,52,53,66,87,77,20
2021-06-26,28,39,44,57,61,88,43,26
2021-06-24,40,43,56,59,63,88,25,2
2021-06-22,30,51,56,59,65,68,83,40
2021-06-19,1,3,41,55,84,85,47,87
2021-06-17,20,33,39,42,43,78,40,49
2021-06-15,10,14,25,43,54,65,11,79
2021-06-12,2,9,27,54,69,78,16,62
2021-06-10,27,37,42,44,76,83,50,25
2021-06-08,2,9,11,72,76,86,67,79
2021-06-05,53,73,75,83,84,85,27,76
2021-06-03,17,27,40,72,86,87,48,2
2021-06-01,9,21,27,41,45,53,66,27
2021-05-29,23,31,62,71,74,77,8,80
2021-05-27,24,38,81,86,88,89,54,71
2021-05-25,5,39,45,49,59,71,4,9
2021-05-22,1,7,37,43,63,81,34,26
2021-05-20,27,31,36,39,46,67,19,88
2021-05-18,10,11,15,19,47,78,68,90
2021-05-15,15,36,49,59,60,62,77,20
2021-05-13,4,13,20,51,69,82,9,27
2021-05-11,23,30,50,59,60,83,16,86
2021-05-08,37,38,44,45,60,65,66,10
2021-05-06,5,28,38,55,79,89,31,26
2021-05-04,6,43,48,60,75,85,1,2
2021-05-03,15,18,40,43,57,72,39,12
2021-04-29,14,62,64,66,76,87,79,48
2021-04-27,41,49,56,58,60,68,59,79
2021-04-24,10,20,21,29,34,44,58,33
2021-04-22,8,11,46,47,72,81,68,80
2021-04-20,1,32,48,58,68,75,59,10
2021-04-17,7,20,63,68,74,88,13,11
2021-04-15,12,33,44,71,72,80,69,12
2021-04-13,1,36,48,63,68,87,23,36
2021-04-10,9,27,67,80,87,89,65,18
2021-04-08,19,29,35,49,66,81,61,87
2021-04-06,7,27,73,77,78,89,26,41
2021-04-03,1,39,53,60,75,76,36,8
2021-04-01,22,37,57,62,83,90,3,87
2021-03-30,10,25,41,58,78,87,73,33
2021-03-27,16,19,41,72,78,82,70,46
2021-03-25,15,28,30,52,75,86,37,32
2021-03-23,2,11,13,45,66,72,25,84
2021-03-20,6,10,57,71,74,83,39,40
2021-03-18,11,38,51,58,62,63,47,56
2021-03-16,28,43,48,65,84,89,9,2
2021-03-13,28,29,43,59,70,79,52,79
2021-03-11,9,31,51,68,84,90,33,41
2021-03-09,8,15,20,52,54,72,81,79
2021-03-06,4,36,43,61,72,89,22,29
2021-03-04,2,4,13,45,51,77,5,64
2021-03-02,3,32,39,56,77,89,90,82
2021-02-27,10,37,42,69,72,86,85,2
2021-02-25,13,26,42,71,72,73,62,30
2021-02-23,7,37,42,57,59,87,15,17
2021-02-20,3,18,25,31,65,75,29,65
2021-02-18,28,52,56,62,66,72,58,13
2021-02-16,9,19,30,52,61,76,54,30
2021-02-13,36,39,46,58,63,77,57,65
2021-02-11,5,34,47,60,69,70,64,21
2021-02-09,7,8,19,33,40,48,54,40
2021-02-06,36,49,50,61,66,76,82,87
2021-02-04,5,19,27,35,40,82,66,53
2021-02-02,28,41,54,67,78,86,29,6
2021-01-30,27,35,42,48,56,65,44,81
2021-01-28,18,29,40,44,46,53,67,39
2021-01-26,34,39,45,51,60,89,18,52
2021-01-23,3,19,27,35,63,89,29,57
2021-01-21,15,17,38,40,45,65,84,45
2021-01-19,2,27,28,38,43,65,60,72
2021-01-16,9,26,57,66,81,83,63,65
2021-01-14,24,50,53,54,62,88,61,72
2021-01-12,5,19,21,33,61,90,43,52
2021-01-09,14,16,35,47,58,64,40,20
2021-01-07,15,33,48,49,56,88,16,55
2021-01-05,12,19,30,60,71,78,79,6
2021-01-02,35,37,50,75,77,81,5,30
2020-12-31,7,14,20,66,68,79,76,60
2020-12-29,15,22,38,51,60,74,86,50
2020-12-28,8,25,39,54,59,84,85,14
2020-12-24,22,25,31,79,87,90,38,73
2020-12-22,15,16,22,46,51,72,8,29
2020-12-19,36,39,45,50,62,66,47,69
2020-12-17,5,9,12,14,26,37,55,29
2020-12-15,10,16,47,51,80,85,4,23
2020-12-12,11,14,18,59,64,85,1,84
2020-12-10,1,6,25,42,75,80,41,63
2020-12-07,1,6,20,25,70,90,89,45
2020-12-05,26,32,39,40,57,65,4,15
2020-12-03,22,33,43,48,87,89,17,75
2020-12-01,21,30,32,62,78,80,36,21
2020-11-28,12,29,61,81,87,90,20,77
2020-11-26,2,9,39,52,67,76,78,37
2020-11-24,9,15,16,23,57,76,19,56
2020-11-21,6,24,37,55,76,82,20,11
2020-11-19,6,13,47,49,69,86,83,2
2020-11-17,7,18,20,32,45,55,75,41
2020-11-14,3,30,47,67,68,89,38,46
2020-11-12,13,35,37,58,60,88,57,19
2020-11-10,13,34,38,41,76,88,18,17
2020-11-07,1,2,61,69,70,82,56,5
2020-11-05,5,10,18,24,69,85,65,50
2020-11-03,18,39,45,48,53,64,55,11
2020-10-31,22,31,35,40,65,82,36,51
2020-10-29,9,32,41,43,44,84,28,46
2020-10-27,19,26,49,53,55,77,51,57
2020-10-24,17,19,28,41,49,86,25,88
2020-10-22,1,16,21,36,37,43,27,44
2020-10-20,24,29,36,43,50,51,69,21
2020-10-17,24,28,34,55,62,87,36,38
2020-10-15,29,38,47,61,68,86,36,59
2020-10-13,47,56,58,60,79,85,20,65
2020-10-10,12,15,19,24,46,73,67,46
2020-10-08,8,35,51,60,63,75,79,58
2020-10-06,8,55,67,73,74,89,83,18
2020-10-03,5,17,59,61,70,79,52,11
2020-10-01,7,31,38,52,61,75,51,19
2020-09-29,25,33,53,76,81,90,75,72
2020-09-26,4,16,38,70,86,88,61,46
2020-09-24,10,13,28,77,86,89,14,1
2020-09-22,4,15,37,48,55,69,31,56
2020-09-19,6,12,14,27,39,73,87,66
2020-09-17,9,29,35,47,53,85,71,48
2020-09-15,2,9,44,47,52,54,16,18
2020-09-12,6,15,36,42,67,78,2,11
2020-09-10,46,48,67,78,80,87,23,56
2020-09-08,23,27,28,31,69,89,24,85
2020-09-05,7,14,27,56,72,83,16,3
2020-09-03,16,17,38,39,68,84,29,7
2020-09-01,10,22,28,45,48,71,53,84
2020-08-29,1,3,35,42,55,61,25,17
2020-08-27,37,49,52,53,75,87,29,30
2020-08-25,15,24,31,70,83,84,76,89
2020-08-22,7,12,45,47,73,87,83,72
2020-08-20,7,17,30,39,41,67,32,70
2020-08-18,13,22,28,58,65,77,6,24
2020-08-17,5,9,26,62,77,79,87,72
2020-08-13,4,5,49,57,66,75,36,77
2020-08-11,7,9,38,68,78,80,26,45
2020-08-08,6,16,22,55,58,83,51,32
2020-08-06,21,37,40,46,69,80,3,65
2020-08-04,5,19,21,25,45,82,59,43
2020-08-01,4,14,17,18,26,45,6,56
2020-07-30,4,15,19,26,28,55,58,2
2020-07-28,23,45,49,71,80,82,61,76
2020-07-25,18,30,42,70,78,80,1,84
2020-07-23,10,29,37,49,56,57,24,68
2020-07-21,4,34,46,54,55,62,10,82
2020-07-18,18,33,49,76,80,84,12,83
2020-07-16,35,39,40,64,67,75,74,5
2020-07-14,17,35,70,71,74,82,22,79
2020-07-11,6,10,19,20,40,67,75,87
2020-07-09,1,10,26,40,64,88,79,16
2020-07-07,16,24,29,53,73,88,62,50
2020-07-04,33,38,46,59,65,73,28,47
2020-07-02,12,33,42,56,78,79,88,79
2020-06-30,6,7,57,61,79,89,63,3
2020-06-27,13,33,35,60,78,81,11,52
2020-06-25,14,35,41,51,84,85,78,49
2020-06-23,40,44,52,59,66,69,24,14
2020-06-20,16,29,39,55,63,86,84,51
2020-06-18,4,6,15,35,67,73,36,35
2020-06-16,1,11,39,59,68,74,37,16
2020-06-13,20,42,53,57,62,73,8,89
2020-06-11,1,7,23,47,68,69,79,33
2020-06-09,8,14,30,58,71,87,70,79
2020-06-06,4,21,37,45,50,79,76,5
2020-06-04,5,16,23,30,40,71,10,56
2020-06-01,9,28,49,65,76,81,8,47
2020-05-30,3,27,46,52,70,74,48,4
2020-05-28,16,29,31,73,76,82,26,2
2020-05-26,10,23,27,46,68,74,66,31
2020-05-23,5,15,61,75,82,86,36,40
2020-05-21,3,21,44,69,73,81,20,12
2020-05-19,26,41,51,62,66,85,40,31
2020-05-16,2,7,71,78,84,87,80,56
2020-05-14,12,17,20,54,61,80,39,17
2020-05-12,21,38,55,60,65,85,66,71
2020-05-09,34,45,59,66,70,78,21,5
2020-05-07,22,35,45,52,57,75,15,12
2020-05-05,39,43,58,73,83,86,35,6
2020-03-21,5,13,38,39,52,59,74,90
2020-03-19,7,11,17,28,29,50,41,59
2020-03-17,17,29,30,49,63,65,15,27
2020-03-14,1,13,18,47,68,75,46,84
2020-03-12,19,22,41,46,56,86,13,56
2020-03-10,8,35,41,43,57,80,42,17
2020-03-07,11,13,31,41,85,87,12,37
2020-03-05,13,40,48,67,69,85,65,43
2020-03-03,5,11,19,26,36,64,1,78
2020-02-29,9,35,44,50,73,78,85,6
2020-02-27,17,51,60,71,75,79,58,85
2020-02-25,10,15,23,54,73,74,63,26
2020-02-22,1,28,57,58,60,68,50,31
2020-02-20,20,36,55,69,80,85,58,3
2020-02-18,26,45,58,69,72,82,9,49
2020-02-15,13,26,40,55,65,86,9,48
2020-02-13,4,15,43,69,74,84,49,36
2020-02-11,16,24,45,68,72,81,20,2
2020-02-08,15,32,54,56,61,85,10,63
2020-02-06,3,20,29,49,65,82,31,70
2020-02-04,21,29,34,64,72,79,14,82
2020-02-01,22,25,45,46,48,88,24,56
2020-01-30,8,46,53,62,77,84,51,38
2020-01-28,16,21,33,50,57,89,52,26
2020-01-25,11,16,17,35,68,90,76,47
2020-01-23,15,20,23,69,72,81,87,79
2020-01-21,6,32,46,53,70,75,62,9
2020-01-18,26,28,32,50,79,87,1,72
2020-01-16,22,29,50,53,72,83,77,85
2020-01-14,1,6,9,32,68,85,79,62
2020-01-11,34,36,38,63,72,81,18,63
2020-01-09,5,14,54,55,66,78,52,45
2020-01-07,2,23,60,66,72,78,19,53
2020-01-04,23,30,37,44,57,80,26,56
2020-01-02,5,45,63,64,78,85,4,89
2019-12-31,3,32,36,43,62,80,13,89
2019-12-28,3,8,16,28,42,65,75,63
2019-12-24,44,48,55,67,82,90,54,72
2019-12-23,17,30,45,56,87,89,18,76
2019-12-21,9,28,36,50,66,90,71,56
2019-12-19,3,14,25,43,74,80,62,80
2019-12-17,4,8,37,44,86,88,56,62
2019-12-14,8,10,43,52,60,83,84,61
2019-12-12,11,25,39,48,51,71,88,19
2019-12-10,11,37,40,42,58,82,69,5
2019-12-07,11,21,44,67,77,80,33,69
2019-12-05,16,25,52,59,64,74,37,74
2019-12-03,4,5,8,22,48,83,47,66
2019-11-30,2,21,47,52,66,77,9,73
2019-11-28,7,16,17,50,52,74,68,61
2019-11-26,21,22,35,63,76,79,38,60
2019-11-23,12,29,52,61,72,79,57,73
2019-11-21,23,29,35,50,57,60,15,32
2019-11-19,19,26,56,74,77,82,17,2
2019-11-16,7,29,31,58,65,86,18,61
2019-11-14,33,52,57,72,76,81,77,71
2019-11-12,14,15,51,55,61,73,4,79
2019-11-09,1,21,43,51,81,88,60,20
2019-11-07,4,9,37,48,49,77,41,39
2019-11-05,32,56,64,65,87,90,71,57
2019-11-02,10,19,30,68,78,80,31,74
2019-10-31,35,41,53,60,65,80,86,16
2019-10-29,21,32,47,61,67,68,25,69
2019-10-26,8,12,13,14,51,83,74,1
2019-10-24,18,51,53,57,82,87,1,18
2019-10-22,9,28,40,77,79,81,4,28
2019-10-19,15,30,75,76,77,79,11,73
2019-10-17,10,29,33,55,65,72,47,6
2019-10-15,5,38,45,54,59,65,78,17
2019-10-12,5,33,40,45,79,90,78,4
2019-10-10,9,12,29,42,65,75,84,86
2019-10-08,25,35,47,70,79,87,83,54
2019-10-05,20,38,52,58,68,72,45,79
2019-10-03,4,5,31,35,46,80,77,34
2019-10-01,11,59,63,73,84,89,62,27
2019-09-28,37,49,66,75,77,82,31,8
2019-09-26,17,20,42,44,83,90,18,37
2019-09-24,7,45,55,60,81,89,25,29
2019-09-21,31,36,44,47,50,56,17,46
2019-09-19,38,50,53,56,65,76,86,12
2019-09-17,9,18,26,43,60,79,57,35
2019-09-14,1,7,10,40,52,59,47,85
2019-09-12,12,17,20,62,80,88,26,28
2019-09-10,15,16,21,49,50,83,20,22
2019-09-07,9,29,43,66,70,84,52,1
2019-09-05,7,26,31,34,52,54,32,21
2019-09-03,18,29,39,58,59,76,53,37
2019-08-31,31,35,52,59,60,75,51,9
2019-08-29,21,37,45,53,83,84,2,41
2019-08-27,4,15,34,37,47,73,26,54
2019-08-24,20,36,40,42,63,86,17,4
2019-08-22,1,12,24,42,65,67,39,21
2019-08-20,20,35,40,41,79,88,28,35
2019-08-19,17,28,57,66,67,71,78,5
2019-08-17,8,13,31,37,39,46,54,65
2019-08-13,7,32,41,59,75,76,21,11
2019-08-10,10,15,42,57,68,80,25,68
2019-08-08,6,10,24,63,66,89,67,23
2019-08-06,20,22,27,43,46,72,28,61
2019-08-03,6,16,21,27,33,66,1,45
2019-08-01,20,30,37,52,82,83,18,52
2019-07-30,6,8,16,42,84,87,62,12
2019-07-27,13,33,40,61,78,80,66,51
2019-07-25,7,20,28,36,55,69,4,88
2019-07-23,18,32,34,55,74,79,78,36
2019-07-20,2,23,29,51,79,84,67,26
2019-07-18,12,22,37,40,51,68,49,38
2019-07-16,30,47,48,60,67,90,85,25
2019-07-13,3,13,15,36,42,90,6,83
2019-07-11,15,26,32,48,66,84,80,39
2019-07-09,1,20,26,54,59,74,52,62
2019-07-06,6,12,22,25,29,62,90,43
2019-07-04,40,42,57,64,80,86,38,57
2019-07-02,13,18,37,48,63,67,65,23
2019-06-29,6,22,33,45,60,81,68,33
2019-06-27,33,34,37,50,68,82,22,39
2019-06-25,14,43,61,62,75,85,69,29
2019-06-22,35,39,41,69,70,74,89,59
2019-06-20,25,26,35,42,65,76,77,84
2019-06-18,13,23,63,67,68,81,38,5
2019-06-15,4,23,43,47,74,82,73,9
2019-06-13,11,22,23,26,32,77,18,6
2019-06-11,16,25,36,46,48,58,73,15
2019-06-08,15,16,54,64,66,72,44,62
2019-06-06,2,15,47,54,78,79,68,77
2019-06-04,15,49,63,79,85,86,68,90
2019-06-01,17,19,24,46,48,72,56,82
2019-05-30,16,33,59,65,69,73,29,87
2019-05-28,8,30,33,58,84,89,88,53
2019-05-25,33,51,53,59,66,68,43,54
2019-05-23,2,8,15,32,72,79,16,80
2019-05-21,20,38,76,82,84,87,75,66
2019-05-18,31,33,44,57,62,65,25,70
2019-05-16,11,25,37,67,75,85,35,51
2019-05-14,37,59,69,75,89,90,2,69
2019-05-11,9,20,47,58,65,78,25,22
2019-05-09,3,17,26,38,54,82,42,32
2019-05-07,5,8,21,49,66,90,77,47
2019-05-04,4,15,41,52,76,85,14,11
2019-05-02,1,28,57,75,82,83,52,87
2019-04-30,13,29,31,51,55,72,36,31
2019-04-29,8,22,61,65,69,74,86,63
2019-04-27,6,17,18,42,64,71,88,15
2019-04-23,19,20,32,51,63,79,78,34
2019-04-20,5,18,76,87,88,89,17,44
2019-04-18,7,10,46,47,73,89,1,60
2019-04-16,15,55,58,62,82,90,24,40
2019-04-13,16,22,30,40,51,77,39,15
2019-04-11,5,10,52,60,85,88,46,5
2019-04-09,1,13,28,33,37,65,83,59
2019-04-06,41,54,85,87,88,89,71,74
2019-04-04,7,29,38,49,66,70,41,58
2019-04-02,19,25,30,32,37,60,85,3
2019-03-30,1,10,20,28,47,55,6,40
2019-03-28,43,53,58,68,83,90,89,4
2019-03-26,14,27,45,47,52,84,12,84
2019-03-23,21,32,43,63,83,90,25,54
2019-03-21,27,32,52,59,69,90,75,62
2019-03-19,12,15,38,43,56,85,80,42
2019-03-16,49,61,63,77,87,88,13,23
2019-03-14,27,28,42,63,78,86,70,33
2019-03-12,13,37,58,66,67,88,6,85
2019-03-09,9,15,51,70,78,86,17,77
2019-03-07,8,42,51,62,80,84,24,85
2019-03-05,3,6,16,36,56,82,83,35
2019-03-02,19,34,37,40,66,69,25,65
2019-02-28,2,11,50,55,79,85,58,31
2019-02-26,13,25,27,52,66,75,16,69
2019-02-23,5,31,47,60,68,88,62,38
2019-02-21,11,16,43,59,87,90,31,39
2019-02-19,15,16,32,63,67,70,20,88
2019-02-16,10,17,42,59,61,80,65,64
2019-02-14,4,30,47,76,78,83,53,65
2019-02-12,14,28,64,69,84,90,27,90
2019-02-09,5,26,43,52,63,90,6,2
2019-02-07,9,26,27,49,54,76,51,9
2019-02-05,11,21,34,46,50,86,55,5
2019-02-02,37,42,52,80,86,88,45,77
2019-01-31,4,21,59,63,65,83,29,4
2019-01-29,6,11,29,65,87,90,15,67
2019-01-26,17,19,62,72,78,82,46,54
2019-01-24,3,19,40,49,60,82,12,62
2019-01-22,3,22,79,82,83,88,58,39
2019-01-19,1,15,45,48,60,80,2,44
2019-01-17,21,26,33,35,63,89,9,20
2019-01-15,8,43,51,56,57,87,25,18
2019-01-12,16,33,36,62,73,88,48,68
2019-01-10,2,39,66,76,86,87,15,67
2019-01-08,23,34,38,54,57,87,39,10
2019-01-07,3,8,28,45,55,58,1,36
2019-01-05,46,52,55,68,76,89,11,51
2019-01-03,1,35,52,56,64,70,79,69
2018-12-29,24,37,46,49,62,71,53,31
2018-12-27,36,43,44,49,78,82,18,25
2018-12-24,12,19,36,42,77,87,47,86
2018-12-22,4,14,16,51,64,88,65,69
2018-12-20,11,49,58,71,76,89,20,24
2018-12-18,39,61,68,69,70,86,73,2
2018-12-15,5,23,36,42,47,79,56,32
2018-12-13,7,9,12,21,30,41,44,19
2018-12-11,6,17,32,38,47,90,75,15
2018-12-10,7,37,52,73,87,88,44,66
2018-12-06,10,30,44,45,47,49,15,74
2018-12-04,6,31,37,47,71,78,8,25
2018-12-01,7,16,33,54,80,84,18,74
2018-11-29,6,22,27,36,62,76,28,35
2018-11-27,6,12,15,30,31,89,37,85
2018-11-24,30,38,63,68,77,80,45,11
2018-11-22,15,24,28,34,56,73,51,32
2018-11-20,3,9,43,48,61,83,7,4
2018-11-17,3,5,38,53,54,82,9,4
2018-11-15,6,12,34,36,40,66,82,77
2018-11-13,7,15,22,31,46,50,61,26
2018-11-10,9,15,20,46,50,84,3,50
2018-11-08,11,15,20,27,45,59,7,85
2018-11-06,4,16,24,42,51,84,14,10
2018-11-05,8,36,39,40,48,50,68,50
2018-11-03,23,35,40,79,86,87,13,85
2018-10-30,38,40,43,59,67,72,22,31
2018-10-27,3,12,35,51,59,80,34,22
2018-10-25,10,21,24,26,29,89,60,10
2018-10-23,6,30,49,56,64,81,42,21
2018-10-20,4,14,27,38,89,90,57,82
2018-10-18,16,23,50,73,80,88,89,63
2018-10-16,8,13,25,50,65,72,54,19
2018-10-13,14,36,39,46,55,59,64,80
2018-10-11,20,23,39,50,62,68,27,46
2018-10-09,10,36,49,53,77,85,35,52
2018-10-06,27,28,33,75,77,78,20,33
2018-10-04,15,30,72,79,86,90,70,76
2018-10-02,3,7,18,47,64,82,84,84
2018-09-29,34,54,77,80,81,87,18,70
2018-09-27,21,37,46,56,65,77,76,80
2018-09-25,17,24,57,64,70,89,76,27
2018-09-22,12,16,29,45,82,85,89,4
2018-09-20,15,18,56,67,72,74,6,5
2018-09-18,2,24,31,42,47,55,40,34
2018-09-15,3,26,34,61,84,87,67,89
2018-09-13,16,23,29,49,57,76,30,77
2018-09-11,59,61,63,65,71,84,12,23
2018-09-08,7,25,32,39,59,86,27,81
2018-09-06,2,23,34,52,76,87,58,86
2018-09-04,18,25,47,51,70,83,2,7
2018-09-01,1,4,19,23,55,68,28,13
2018-08-30,16,28,29,55,63,69,46,46
2018-08-28,1,26,39,43,73,89,55,17
2018-08-25,42,44,54,68,69,81,70,82
2018-08-23,14,23,32,34,40,80,73,22
2018-08-21,2,16,30,39,51,79,57,80
2018-08-18,7,14,27,66,70,81,76,59
2018-08-16,2,10,12,21,22,50,3,36
2018-08-14,21,43,45,57,67,83,37,83
2018-08-11,14,57,73,79,82,84,83,42
2018-08-09,31,32,46,54,73,90,47,2
2018-08-07,11,18,21,23,55,66,26,86
2018-08-04,23,39,53,56,64,84,22,90
2018-08-02,5,6,41,44,65,74,61,20
2018-07-31,23,32,49,53,61,85,87,51
2018-07-28,10,19,47,67,68,75,40,71
2018-07-26,21,34,53,72,80,84,73,76
2018-07-24,7,29,37,43,72,79,30,37
2018-07-21,22,36,38,56,59,67,52,83
2018-07-19,11,38,47,71,76,77,43,52
2018-07-17,30,35,44,60,72,76,23,46
2018-07-14,2,9,14,19,27,77,75,41
2018-07-12,3,13,18,24,74,89,34,40
2018-07-10,27,41,50,60,63,81,90,77
2018-07-07,3,51,55,64,77,79,34,1
2018-07-05,11,19,27,41,61,83,3,13
2018-07-03,28,33,38,41,66,72,31,3
2018-06-30,9,13,23,32,45,54,80,8
2018-06-28,28,36,55,76,81,89,16,28
2018-06-26,2,6,37,39,51,86,7,32
2018-06-23,4,17,29,55,67,70,72,49
2018-06-21,6,11,37,42,58,62,26,23
2018-06-19,1,7,25,40,68,75,84,89
2018-06-16,2,9,15,22,47,65,86,78
2018-06-14,5,37,51,65,79,81,30,49
2018-06-12,1,12,31,33,44,50,48,7
2018-06-09,13,32,41,51,61,86,42,77
2018-06-07,33,39,47,64,67,76,31,51
2018-06-05,6,10,11,21,71,75,26,14
2018-06-04,45,56,66,74,77,88,47,65
2018-05-31,9,57,64,66,69,86,2,82
2018-05-29,19,28,42,49,68,83,20,67
2018-05-26,20,27,32,55,69,90,60,58
2018-05-24,1,27,31,58,83,87,86,51
2018-05-22,12,13,19,37,62,72,40,54
2018-05-19,40,51,55,56,74,81,35,63
2018-05-17,16,33,34,74,79,80,64,73
2018-05-15,3,10,38,52,65,71,1,49
2018-05-12,29,49,50,56,64,78,89,51
2018-05-10,41,62,77,79,81,84,60,55
2018-05-08,17,18,41,57,58,75,83,52
2018-05-05,6,14,19,59,79,81,65,44
2018-05-03,9,19,31,39,77,82,22,15
2018-04-30,6,10,26,47,60,75,78,29
2018-04-28,2,25,41,42,74,87,13,54
2018-04-26,44,52,64,66,67,71,83,82
2018-04-24,31,41,44,67,75,82,39,5
2018-04-21,11,43,68,72,79,85,71,51
2018-04-19,5,17,20,44,62,80,48,22
2018-04-17,12,23,39,54,72,73,53,75
2018-04-14,1,10,31,44,58,80,70,42
2018-04-12,8,28,34,38,47,54,7,21
2018-04-10,27,35,46,68,72,82,81,3
2018-04-07,3,20,47,55,81,83,28,85
2018-04-05,7,27,55,63,73,77,33,37
2018-04-03,30,45,47,49,71,90,29,82
2018-03-31,1,6,7,9,45,79,80,17
2018-03-29,11,15,32,35,52,56,5,9
2018-03-27,10,16,35,63,73,83,20,66
2018-03-24,2,24,42,62,66,81,36,47
2018-03-22,20,23,29,37,39,72,44,59
2018-03-20,9,20,33,43,44,48,8,55
2018-03-17,7,35,52,85,88,90,72,87
2018-03-15,2,13,17,31,45,69,87,78
2018-03-13,19,33,42,65,78,85,74,51
2018-03-10,11,15,42,64,82,84,5,78
2018-03-08,22,50,52,65,66,89,57,69
2018-03-06,12,36,45,46,67,75,66,86
2018-03-03,2,19,62,74,81,83,56,39
2018-03-01,9,23,57,72,77,82,64,32
2018-02-27,48,56,66,83,86,89,6,67
2018-02-24,10,44,48,62,68,83,61,68
2018-02-22,9,40,45,70,76,81,39,28
2018-02-20,17,25,52,55,67,75,90,57
2018-02-17,5,17,37,40,55,79,31,66
2018-02-15,5,17,34,40,78,82,60,78
2018-02-13,3,11,38,53,70,71,27,24
2018-02-10,7,31,35,57,88,89,87,65
2018-02-08,24,25,30,43,47,90,77,83
2018-02-06,4,8,16,35,36,74,31,35
2018-02-03,1,8,19,28,34,87,43,11
2018-02-01,20,45,51,63,85,89,2,48
2018-01-30,22,39,47,49,77,89,80,49
2018-01-27,5,24,68,72,78,85,32,12
2018-01-25,15,38,48,52,66,71,39,7
2018-01-23,2,5,24,32,47,62,17,7
2018-01-20,27,48,50,74,76,84,19,61
2018-01-18,29,43,46,50,85,86,39,68
2018-01-16,9,29,51,53,74,76,28,12
2018-01-13,2,10,41,49,56,71,36,33
2018-01-11,3,25,28,37,71,82,75,36
2018-01-09,8,69,70,84,88,90,53,60
2018-01-08,15,18,24,33,48,64,58,31
2018-01-04,5,19,28,43,58,82,1,18
2018-01-02,1,19,26,44,61,89,84,64
2017-12-30,6,17,23,46,52,53,85,52
2017-12-28,10,28,33,43,50,80,34,21
2017-12-23,35,39,48,71,88,89,10,4
2017-12-21,12,25,50,59,67,88,24,22
2017-12-19,22,39,43,65,77,89,18,49
2017-12-18,24,55,71,73,85,90,2,41
2017-12-16,3,7,53,65,66,73,11,65
2017-12-14,25,33,39,59,72,74,22,69
2017-12-12,2,30,44,52,58,69,76,64
2017-12-09,21,24,48,51,60,82,88,34
2017-12-07,14,15,65,68,82,85,42,88
2017-12-05,10,34,45,63,81,83,41,88
2017-12-02,4,12,25,27,35,69,67,78
2017-11-30,5,17,19,33,43,63,15,3
2017-11-28,27,28,48,61,87,88,86,80
2017-11-25,16,20,22,42,54,62,52,6
2017-11-23,14,38,40,51,53,64,71,36
2017-11-21,32,40,41,47,56,72,58,59
2017-11-18,3,16,24,27,44,88,80,1
2017-11-16,2,12,16,26,51,73,46,32
2017-11-14,1,11,40,45,46,57,60,59
2017-11-11,16,31,33,51,75,80,21,74
2017-11-09,8,12,41,42,46,51,67,73
2017-11-07,2,6,34,69,77,86,15,12
2017-11-04,6,7,8,38,45,78,26,55
2017-11-02,11,31,46,48,65,68,28,76
2017-10-31,19,24,35,69,80,89,62,89
2017-10-28,7,11,17,28,32,79,80,41
2017-10-26,14,38,43,57,65,72,30,51
2017-10-24,6,45,47,61,74,80,32,61
2017-10-21,21,22,31,32,33,81,48,4
2017-10-19,16,17,58,66,71,72,12,57
2017-10-17,10,17,30,55,62,78,76,6
2017-10-14,2,13,50,75,85,90,44,1
2017-10-12,9,16,19,35,41,59,68,72
2017-10-10,4,26,52,65,66,72,1,87
2017-10-07,14,17,35,37,55,83,43,55
2017-10-05,14,33,48,61,65,80,46,79
2017-10-03,6,21,38,48,79,90,35,23
2017-09-30,7,12,21,22,39,90,71,45
2017-09-28,6,15,39,68,80,89,60,50
2017-09-26,13,18,19,46,58,60,57,10
2017-09-23,8,46,48,69,72,81,66,23
2017-09-21,13,16,27,48,67,77,8,45
2017-09-19,38,45,46,55,65,73,53,64
2017-09-16,22,35,36,55,63,86,47,3
2017-09-14,18,25,29,30,33,69,38,89
2017-09-12,7,10,25,26,37,68,41,4
2017-09-09,29,39,49,56,83,85,11,73
2017-09-07,11,29,64,68,70,85,48,17
2017-09-05,7,12,66,68,73,76,59,44
2017-09-02,2,49,57,60,71,77,40,11
2017-08-31,5,29,32,33,72,89,70,26
2017-08-29,21,23,54,73,84,88,33,1
2017-08-26,28,29,36,54,55,68,8,53
2017-08-24,40,45,54,72,85,88,50,79
2017-08-22,34,46,50,52,67,86,58,23
2017-08-19,18,29,34,47,48,60,25,45
2017-08-17,22,28,46,52,69,86,68,47
2017-08-14,34,44,46,47,64,88,72,83
2017-08-12,6,17,32,40,44,67,21,30
2017-08-10,3,5,24,41,48,80,71,30
2017-08-08,17,24,33,41,63,66,83,62
2017-08-05,14,19,50,69,75,90,67,18
2017-08-03,20,25,39,49,69,71,2,71
2017-08-01,1,8,28,54,82,90,5,25
2017-07-29,5,11,58,75,78,81,79,21
2017-07-27,5,15,52,60,77,84,28,10
2017-07-25,4,29,30,47,52,59,79,73
2017-07-22,6,22,26,33,51,88,68,87
2017-07-20,22,32,45,60,61,80,67,46
2017-07-18,17,34,42,47,75,85,49,36
2017-07-15,27,37,44,47,73,86,68,50
2017-07-13,2,11,26,62,74,78,88,63
2017-07-11,6,12,38,42,49,83,53,42
2017-07-08,6,8,32,54,80,82,75,62
2017-07-06,36,37,46,48,51,74,54,19
2017-07-04,21,37,58,75,81,85,12,11
2017-07-01,15,20,45,59,81,85,72,80
2017-06-29,16,19,38,40,58,79,26,50
2017-06-27,9,14,62,64,78,82,24,41
2017-06-24,2,18,20,23,30,75,26,41
2017-06-22,9,18,24,42,59,71,69,4
2017-06-20,38,46,54,76,82,86,17,12
2017-06-17,45,48,71,75,80,83,40,17
2017-06-15,6,24,28,32,78,83,13,66
2017-06-13,41,50,69,71,77,81,26,49
2017-06-10,19,54,56,57,67,69,21,79
2017-06-08,11,28,32,48,54,59,73,19
2017-06-06,7,12,26,46,56,70,13,18
2017-06-03,2,22,36,77,83,90,47,64
2017-06-01,7,15,27,37,56,58,32,18
2017-05-30,21,26,35,59,66,70,69,90
2017-05-27,16,34,57,64,65,78,49,47
2017-05-25,10,33,40,42,46,77,63,30
2017-05-23,10,18,23,34,61,75,35,79
2017-05-20,6,37,46,53,73,78,69,84
2017-05-18,1,19,47,61,70,87,37,60
2017-05-16,29,38,75,79,80,90,67,5
2017-05-13,4,15,21,22,44,77,54,84
2017-05-11,19,37,45,51,82,83,58,29
2017-05-09,3,25,63,70,75,78,65,13
2017-05-06,57,60,73,77,82,86,72,51
2017-05-04,15,20,33,39,65,75,7,71
2017-05-02,28,43,59,60,78,80,2,26
2017-04-29,8,14,25,41,79,84,85,70
2017-04-27,8,27,54,62,82,83,17,4
2017-04-24,8,17,28,35,74,82,13,61
2017-04-22,1,4,9,10,36,79,56,83
2017-04-20,3,14,52,67,72,82,61,20
2017-04-18,18,29,52,74,76,88,31,63
2017-04-15,6,20,35,36,55,59,52,31
2017-04-13,16,24,56,69,85,87,51,82
2017-04-11,5,57,59,69,81,86,77,83
2017-04-08,4,6,27,76,80,86,48,43
2017-04-06,15,16,21,24,53,89,31,15
2017-04-04,3,16,29,34,37,57,62,41
2017-04-01,8,46,68,70,76,86,39,66
2017-03-30,5,16,40,70,74,76,85,69
2017-03-28,3,6,20,54,72,90,71,71
2017-03-25,3,50,60,64,85,86,58,76
2017-03-23,25,39,48,74,86,89,67,18
2017-03-21,32,35,58,63,76,79,14,53
2017-03-18,14,41,60,74,79,80,18,79
2017-03-16,16,21,31,62,69,85,12,28
2017-03-14,16,21,53,74,79,80,27,10
2017-03-11,3,6,46,48,63,76,66,71
2017-03-09,4,17,39,40,50,58,15,52
2017-03-07,8,19,28,33,71,89,17,85
2017-03-04,2,11,26,51,64,87,37,37
2017-03-02,34,37,52,58,65,89,86,28
2017-02-28,19,22,44,45,71,76,3,87
2017-02-25,11,17,40,69,84,85,82,62
2017-02-23,9,11,21,37,86,90,17,12
2017-02-21,4,22,36,60,66,90,11,49
2017-02-18,7,13,24,36,37,86,33,61
2017-02-16,13,17,26,33,60,78,69,30
2017-02-14,9,14,19,35,48,65,2,65
2017-02-11,6,9,11,32,63,83,42,80
2017-02-09,18,25,35,38,45,75,20,44
2017-02-07,2,21,38,74,79,83,88,4
2017-02-04,13,18,34,51,62,81,20,67
2017-02-02,11,27,56,57,64,66,33,82
2017-01-31,14,15,16,43,49,77,8,86
2017-01-28,9,13,15,51,73,74,7,14
2017-01-26,43,48,49,51,60,75,29,70
2017-01-24,63,67,74,77,83,85,21,69
2017-01-21,6,55,63,68,76,80,37,21
2017-01-19,32,51,74,79,80,81,64,3
2017-01-17,16,44,49,57,60,81,51,78
2017-01-14,12,17,24,45,67,84,32,64
2017-01-12,14,16,30,34,52,73,28,44
2017-01-10,1,9,22,25,58,84,12,46
2017-01-07,2,8,62,79,81,88,32,35
2017-01-05,1,7,21,27,39,78,40,18
2017-01-03,9,12,27,32,45,77,3,64
2016-12-31,12,14,18,22,28,33,66,16
2016-12-29,31,33,38,58,76,85,25,37
2016-12-27,13,25,30,57,58,64,14,75
2016-12-24,1,19,21,32,48,86,3,5
2016-12-22,14,23,24,44,77,86,74,56
2016-12-20,10,11,29,47,58,73,43,69
2016-12-17,7,15,31,39,41,45,50,14
2016-12-15,9,30,31,53,67,86,42,74
2016-12-13,17,21,35,48,60,76,23,80
2016-12-12,6,39,52,65,68,86,30,66
2016-12-10,54,65,66,68,70,85,52,29
2016-12-06,24,51,56,64,65,73,34,1
2016-12-03,2,10,15,26,68,71,64,47
2016-12-01,11,20,31,56,63,72,28,48
2016-11-29,5,24,35,49,62,77,90,81
2016-11-26,41,42,44,47,68,69,80,5
2016-11-24,53,68,75,79,82,84,42,27
2016-11-22,8,21,44,77,80,86,62,51
2016-11-19,28,29,37,43,51,78,90,44
2016-11-17,2,20,23,41,44,59,29,38
2016-11-15,9,18,25,31,78,81,33,85
2016-11-12,9,12,20,22,75,90,77,44
2016-11-10,26,41,50,55,69,86,47,50
2016-11-08,31,32,60,75,81,84,62,24
2016-11-05,21,22,26,35,47,85,18,83
2016-11-03,21,35,56,66,68,79,15,77
2016-10-31,3,14,18,25,47,75,72,13
2016-10-29,1,7,13,17,40,49,80,46
2016-10-27,3,12,23,71,76,83,56,35
2016-10-25,4,40,54,65,83,85,73,82
2016-10-22,1,6,45,48,64,78,33,32
2016-10-20,2,43,65,66,67,90,44,27
2016-10-18,24,44,48,61,73,87,88,24
2016-10-15,4,7,36,72,78,81,20,40
2016-10-13,4,34,39,60,61,77,85,58
2016-10-11,11,12,17,53,71,76,90,62
2016-10-08,18,25,37,47,62,87,74,51
2016-10-06,2,12,26,52,59,80,16,4
2016-10-04,47,49,67,80,84,85,21,26
2016-10-01,18,19,57,74,80,82,29,89
2016-09-29,11,40,41,44,67,70,68,90
2016-09-27,36,41,55,81,83,85,51,7
2016-09-24,3,16,22,31,45,56,37,12
2016-09-22,4,11,34,49,55,83,85,14
2016-09-20,45,46,48,52,77,78,21,36
2016-09-17,2,4,10,59,68,88,58,31
2016-09-15,14,18,30,48,53,86,71,31
2016-09-13,9,22,48,66,68,83,62,48
2016-09-10,9,13,16,49,64,65,58,81
2016-09-08,6,12,47,51,60,79,54,67
2016-09-06,7,30,34,61,84,88,25,27
2016-09-03,4,29,35,46,82,85,13,41
2016-09-01,4,18,43,60,69,85,87,63
2016-08-30,6,9,17,47,66,86,21,49
2016-08-27,1,32,37,54,66,81,90,47
2016-08-25,16,28,40,43,57,61,8,5
2016-08-23,4,28,48,67,68,84,2,23
2016-08-20,10,29,35,44,49,65,50,57
2016-08-18,8,39,59,65,82,83,41,60
2016-08-16,9,12,18,63,64,73,88,76
2016-08-13,2,25,43,72,87,89,74,47
2016-08-11,31,65,78,85,89,90,34,80
2016-08-09,12,27,34,76,77,85,78,52
2016-08-06,23,34,58,61,71,77,53,18
2016-08-04,25,37,40,61,65,77,23,32
2016-08-02,34,54,57,84,89,90,44,48
2016-07-30,15,22,26,45,48,82,64,70
2016-07-28,29,37,38,61,63,85,59,48
2016-07-26,4,13,15,18,72,76,69,8
2016-07-23,1,30,42,61,76,88,71,52
2016-07-21,19,27,35,56,60,89,47,45
2016-07-19,4,10,28,29,48,52,3,80
2016-07-16,26,37,43,67,75,78,10,67
2016-07-14,38,56,61,67,72,82,87,60
2016-07-12,1,41,59,63,81,85,74,30
2016-07-09,12,34,44,45,53,68,81,82
2016-07-07,1,4,32,59,70,86,89,40
2016-07-05,22,26,43,50,59,65,20,35
2016-07-02,8,9,22,43,50,56,20,39
2016-06-30,30,31,32,34,50,51,75,24
2016-06-28,5,23,44,59,60,83,50,42
2016-06-25,11,14,44,54,85,87,35,46
2016-06-23,17,18,25,43,66,87,1,57
2016-06-21,4,30,31,45,49,85,11,67
2016-06-18,24,25,45,51,52,63,19,5
2016-06-16,18,19,29,47,59,68,21,53
2016-06-14,25,31,33,42,58,86,3,43
2016-06-11,27,30,34,40,52,68,50,51
2016-06-09,9,14,61,76,80,83,44,52
2016-06-07,24,29,45,63,65,70,8,59
2016-06-06,3,54,56,57,75,90,1,62
2016-06-04,8,10,18,64,85,87,3,40
2016-05-31,8,18,33,41,62,71,1,42
2016-05-28,3,5,12,17,44,51,18,39
2016-05-26,1,32,34,58,64,86,52,58
2016-05-24,14,16,45,47,48,86,23,45
2016-05-21,9,11,20,35,66,68,90,68
2016-05-19,15,39,54,62,71,74,60,30
2016-05-17,1,10,19,44,68,74,56,81
2016-05-14,11,19,56,72,73,75,90,68
2016-05-12,10,25,52,54,59,84,42,52
2016-05-10,25,26,49,54,55,66,16,50
2016-05-07,3,32,34,36,82,87,12,1
2016-05-05,7,20,25,32,75,90,12,84
2016-05-03,14,29,58,72,75,85,71,77
2016-04-30,22,38,47,51,61,85,87,48
2016-04-28,10,11,24,30,48,63,7,41
2016-04-26,38,49,51,59,77,90,35,10
2016-04-23,10,11,15,33,79,83,27,27
2016-04-21,1,15,30,50,54,62,71,82
2016-04-19,14,30,61,86,88,90,89,60
2016-04-16,8,12,23,58,86,89,62,36
2016-04-14,1,2,6,42,67,83,80,11
2016-04-12,34,50,55,72,79,89,1,3
2016-04-09,2,5,12,33,54,59,18,89
2016-04-07,38,42,45,59,66,87,5,26
2016-04-05,12,23,28,32,42,85,31,62
2016-04-02,2,24,65,75,81,88,6,79
2016-03-31,17,28,63,78,84,88,34,39
2016-03-29,29,55,65,71,73,77,5,2
2016-03-26,28,43,67,68,72,79,18,60
2016-03-24,14,24,26,57,67,89,28,5
2016-03-22,17,31,32,43,59,71,2,50
2016-03-19,18,41,51,56,72,76,68,61
2016-03-17,1,12,65,67,76,86,89,8
2016-03-15,2,4,17,19,38,56,80,23
2016-03-12,29,37,52,67,80,82,68,81
2016-03-10,9,16,18,22,65,71,84,50
2016-03-08,8,27,32,51,52,89,49,24
2016-03-05,6,8,68,77,80,86,27,39
2016-03-03,8,16,29,49,56,62,44,13
2016-03-01,15,20,25,30,45,55,73,24
2016-02-27,19,22,28,48,49,85,78,52
2016-02-25,14,33,52,67,71,81,80,35
2016-02-23,2,14,58,74,80,82,86,10
2016-02-20,29,32,33,49,54,85,16,44
2016-02-18,12,26,30,51,57,89,54,53
2016-02-16,2,10,27,34,38,40,72,46
2016-02-13,2,30,49,66,74,80,33,29
2016-02-11,17,27,45,53,71,74,21,59
2016-02-09,11,26,46,56,58,78,60,71
2016-02-06,10,24,36,63,77,89,81,39
2016-02-04,7,21,31,39,46,69,77,50
2016-02-02,19,38,40,56,65,80,35,1
2016-01-30,13,24,51,68,77,81,76,69
2016-01-28,2,6,15,39,80,83,47,48
2016-01-26,24,45,50,60,63,87,71,80
2016-01-23,4,5,8,14,32,49,18,1
2016-01-21,2,12,32,57,61,81,54,75
2016-01-19,13,18,35,43,51,66,72,27
2016-01-16,11,17,48,52,70,90,29,43
2016-01-14,5,8,17,41,46,87,30,57
2016-01-12,3,9,28,42,50,79,87,27
2016-01-09,20,26,36,50,51,74,83,60
2016-01-07,10,38,61,62,74,86,69,70
2016-01-05,7,20,40,56,60,90,76,51
2016-01-02,1,17,39,41,56,65,18,42
2015-12-31,15,26,29,77,81,90,37,48
2015-12-29,15,20,57,72,76,89,30,22
2015-12-28,5,38,48,52,81,88,65,2
2015-12-24,6,8,24,28,36,63,79,73
2015-12-22,18,22,23,57,60,69,14,6
2015-12-19,7,22,46,50,55,73,14,64
2015-12-17,11,44,56,81,83,87,9,6
2015-12-15,5,30,36,63,84,85,37,48
2015-12-12,18,20,46,47,55,66,75,38
2015-12-10,1,19,20,56,60,83,63,46
2015-12-09,21,54,62,63,82,83,37,25
2015-12-05,1,28,34,42,49,77,65,42
2015-12-03,38,46,53,65,77,84,80,63
2015-12-01,31,39,55,58,85,87,86,70
2015-11-28,20,23,28,51,65,81,87,68
2015-11-26,12,36,45,67,77,88,11,6
2015-11-24,52,54,70,80,82,84,66,82
2015-11-21,13,25,33,53,75,83,38,59
2015-11-19,25,28,44,52,87,89,10,9
2015-11-17,27,29,39,54,59,74,79,25
2015-11-14,19,56,73,84,85,86,2,80
2015-11-12,19,22,31,41,54,87,38,47
2015-11-10,8,31,33,38,66,77,3,61
2015-11-07,2,19,22,46,51,54,83,10
2015-11-05,17,21,29,33,43,62,85,75
2015-11-03,30,41,47,71,79,86,83,78
2015-10-31,6,25,26,52,86,88,61,80
2015-10-29,4,16,40,57,71,84,62,84
2015-10-27,13,15,48,50,74,83,84,50
2015-10-24,9,14,33,38,46,87,2,79
2015-10-22,1,6,32,50,51,81,4,27
2015-10-20,18,34,58,60,64,88,5,80
2015-10-17,4,6,61,63,65,72,9,9
2015-10-15,7,9,16,24,32,40,17,40
2015-10-13,35,36,63,71,75,89,15,90
2015-10-10,32,41,45,47,78,90,59,1
2015-10-08,23,32,33,55,84,90,2,5
2015-10-06,8,11,17,27,62,84,41,20
2015-10-03,2,4,14,31,43,61,11,42
2015-10-01,2,17,21,49,69,74,79,6
2015-09-29,17,25,41,45,57,82,22,38
2015-09-26,1,37,69,74,77,89,28,35
2015-09-24,1,32,36,61,78,80,79,85
2015-09-22,10,26,50,55,62,81,27,65
2015-09-19,9,32,40,49,52,60,5,89
2015-09-17,8,9,42,71,78,79,62,21
2015-09-15,9,17,20,32,35,56,24,19
2015-09-12,11,24,46,48,68,82,5,69
2015-09-10,10,14,15,34,75,88,1,79
2015-09-08,41,50,54,60,75,88,62,26
2015-09-05,24,30,36,42,71,86,32,26
2015-09-03,13,18,19,49,78,87,45,22
2015-09-01,13,30,38,48,50,77,29,64
2015-08-29,7,28,44,55,57,78,14,77
2015-08-27,2,4,12,40,50,80,13,89
2015-08-25,3,18,19,65,81,88,70,74
2015-08-22,6,7,9,14,17,35,27,87
2015-08-20,4,14,31,68,70,74,73,10
2015-08-18,20,30,45,50,76,86,3,1
2015-08-17,1,4,50,70,71,76,84,10
2015-08-13,4,17,34,41,66,78,30,64
2015-08-11,17,25,32,42,71,85,60,45
2015-08-08,3,7,17,26,55,72,41,89
2015-08-06,2,27,36,39,53,79,72,44
2015-08-04,34,53,77,78,83,89,87,83
2015-08-01,2,26,34,58,80,81,23,42
2015-07-30,13,18,25,26,35,61,60,56
2015-07-28,4,26,34,66,67,81,88,26
2015-07-25,2,20,21,40,45,65,15,19
2015-07-23,33,41,44,48,68,75,56,8
2015-07-21,1,21,63,70,79,84,25,24
2015-07-18,22,42,47,62,70,72,90,68
2015-07-16,22,27,29,49,69,87,73,86
2015-07-14,12,17,32,47,74,86,8,23
2015-07-11,8,30,34,39,42,58,80,1
2015-07-09,8,54,59,66,86,89,15,4
2015-07-07,19,25,31,78,83,88,18,86
2015-07-04,8,30,38,51,62,66,14,2
2015-07-02,8,17,30,61,78,88,56,15
2015-06-30,4,11,16,25,34,59,75,84
2015-06-27,17,22,45,48,53,61,26,65
2015-06-25,18,46,63,68,73,79,28,59
2015-06-23,20,24,26,33,42,80,29,34
2015-06-20,6,11,21,65,66,85,23,18
2015-06-18,18,21,28,62,84,90,41,48
2015-06-16,6,28,55,57,78,83,67,16
2015-06-13,19,35,36,38,45,80,17,5
2015-06-11,26,48,52,61,75,79,82,73
2015-06-09,15,21,58,80,82,86,49,64
2015-06-06,16,24,34,40,41,57,13,89
2015-06-04,14,17,23,45,87,88,46,14
2015-06-03,3,28,37,42,67,86,1,79
2015-05-30,13,33,39,56,65,86,52,75
2015-05-28,6,33,57,61,80,83,53,18
2015-05-26,6,9,21,69,77,78,90,80
2015-05-23,4,24,29,31,39,71,19,14
2015-05-21,17,21,23,51,65,87,53,48
2015-05-19,6,20,43,44,46,67,85,52
2015-05-16,3,32,39,65,75,76,51,57
2015-05-14,19,25,42,51,55,56,24,75
2015-05-12,10,19,48,78,85,90,22,42
2015-05-09,31,40,52,55,62,76,17,44
2015-05-07,12,32,43,46,58,77,18,1
2015-05-05,7,31,33,78,86,87,72,88
2015-05-02,6,34,45,46,59,73,35,56
2015-04-30,18,28,31,33,55,78,81,8
2015-04-28,10,41,59,61,65,71,8,37
2015-04-27,8,26,39,56,78,85,49,3
2015-04-23,8,13,27,34,47,83,6,22
2015-04-21,4,17,52,59,67,84,88,13
2015-04-18,10,11,18,36,47,85,48,6
2015-04-16,37,38,43,69,79,86,72,53
2015-04-14,36,45,56,79,81,90,52,44
2015-04-11,26,54,55,73,86,90,3,19
2015-04-09,7,25,30,44,47,68,53,4
2015-04-07,4,18,20,68,72,77,21,41
2015-04-04,11,38,44,48,56,83,28,90
2015-04-02,33,36,61,66,83,85,20,81
2015-03-31,3,15,23,33,46,78,54,5
2015-03-28,5,22,60,71,74,81,88,31
2015-03-26,10,21,40,46,79,84,35,62
2015-03-24,8,17,29,32,65,90,81,37
2015-03-21,4,7,9,19,55,58,83,40
2015-03-19,5,7,20,38,57,85,23,8
2015-03-17,10,13,21,36,66,69,73,46
2015-03-14,28,30,39,46,68,89,5,3
2015-03-12,7,36,38,63,73,90,78,67
2015-03-10,9,19,68,70,71,81,39,37
2015-03-07,26,36,56,68,73,81,62,5
2015-03-05,35,44,62,74,82,90,68,19
2015-03-03,16,26,48,61,63,87,81,17
2015-02-28,5,10,34,48,56,87,23,40
2015-02-26,17,41,44,57,73,86,24,68
2015-02-24,6,29,56,72,82,83,76,24
2015-02-21,5,16,33,48,57,87,79,5
2015-02-19,23,35,44,49,66,84,2,75
2015-02-17,20,27,40,60,61,66,11,69
2015-02-14,13,31,32,57,60,79,90,10
2015-02-12,25,32,44,56,77,87,28,44
2015-02-10,30,59,72,74,77,78,9,27
2015-02-07,24,27,38,40,56,81,66,3
2015-02-05,7,8,10,45,49,53,20,49
2015-02-03,12,29,43,56,60,75,10,59
2015-01-31,8,44,54,58,59,86,73,50
2015-01-29,27,29,58,64,67,80,54,73
2015-01-27,5,10,47,59,66,73,53,21
2015-01-24,22,23,24,59,63,81,44,82
2015-01-22,11,12,44,57,77,89,76,41
2015-01-20,2,11,15,39,84,87,52,1
2015-01-17,18,22,31,54,71,80,52,43
2015-01-15,2,5,7,12,23,42,9,9
2015-01-13,9,10,36,67,76,83,72,76
2015-01-10,2,13,22,37,48,90,8,78
2015-01-08,6,9,29,41,50,90,13,32
2015-01-07,9,16,19,26,28,46,71,16
2015-01-05,16,37,48,68,84,90,11,12
2015-01-03,14,26,31,40,58,68,76,45
